Listing Name,Price,Room Type,Reviews,Location
"BEST DEAL IN BROOKLYN, FULL SIZE BD",41,Private room,49 reviews,"East New York, Brooklyn"
Option of 2 Full Beds + Roof Deck,52,Private room,80 reviews,"Bushwick, Brooklyn"
"Modern, Well-Appointed Room in NYC!",59,Private room,65 reviews,"Bedford-Stuyvesant, Brooklyn"
Huge Sunny Apt Hip/Family Area,45,Private room,6 reviews,"Clinton Hill, Brooklyn"
Comfy bed in friendly Homestel #C,30,Shared room,24 reviews,"Bedford-Stuyvesant, Brooklyn"
Lively loft!,44,Private room,68 reviews,"Williamsburg, Brooklyn"
Heart of Williamsburg. Brand New.,62,Private room,100 reviews,"Williamsburg, Brooklyn"
Spacious Park Slope brownstone,122,Entire home/apt,6 reviews,"Park Slope, Brooklyn"
"Huge Brooklyn Loft w/Deck, NYC View",59,Private room,40 reviews,"Bedford-Stuyvesant, Brooklyn"
The Real Cool Large Private Deal,199,Entire home/apt,90 reviews,"Williamsburg, Brooklyn"
Loft 15min. to Manhattan,89,Entire home/apt,24 reviews,"Bushwick, Brooklyn"
Lofty Townhouse Duplex w/ Roof Deck,153,Entire home/apt,47 reviews,"Park Slope, Brooklyn"
Sunny Delight with Free Bikes!,54,Private room,3 reviews,"Clinton Hill, Brooklyn"
"Cozy, Cute and Convenient Nook!",59,Private room,46 reviews,"Boerum Hill, Brooklyn"
#3~Studio Suite-10 mins Manhattan!,90,Entire home/apt,39 reviews,"Clinton Hill, Brooklyn"
Roof-Top Room in Williamsburg,119,Entire home/apt,216 reviews,"Williamsburg, Brooklyn"
Light+Open+Airy+Rustic+Modern Loft,136,Entire home/apt,154 reviews,"Williamsburg, Brooklyn"
Sun filled 2BR in BedStuy Townhouse,99,Entire home/apt,41 reviews,"Bedford-Stuyvesant, Brooklyn"
Bright & Happy Room on L Train,44,Private room,12 reviews,"Bushwick, Brooklyn"
"Cozy room, great view of Manhattan",86,Private room,36 reviews,"Brooklyn Navy Yard, Brooklyn"
XL Fort Greene Garden Apt,99,Private room,16 reviews,"Fort Greene, Brooklyn"
Private room25 min from time square,32,Private room,3 reviews,"Bushwick, Brooklyn"
Private Flat Greenpoint Brooklyn,99,Entire home/apt,29 reviews,"Greenpoint, Brooklyn"
Modern Bedroom in Williamsburg Loft,80,Private room,37 reviews,"Williamsburg, Brooklyn"
Garden Apt / Fort Greene Brownstone,212,Entire home/apt,73 reviews,"Fort Greene, Brooklyn"
Northside Williamsburg Brooklyn Sm,50,Private room,1 review,"Williamsburg, Brooklyn"
"Cozy, spacious & convenient 1 BR :)",68,Private room,24 reviews,"Bushwick, Brooklyn"
Elegant 1872 Boerum Hill Brownstone,240,Entire home/apt,1 review,"Boerum Hill, Brooklyn"
Homey Townhouse + PRIVATE Bathroom,109,Private room,103 reviews,"Boerum Hill, Brooklyn"
PrivateRoom in Beautiful Brownstone,45,Private room,8 reviews,"Bedford-Stuyvesant, Brooklyn"
"Delightful,Private,Brooklyn studio",81,Private room,117 reviews,"Bedford-Stuyvesant, Brooklyn"
Winter Special! Charming 3bdrm Loft,136,Entire home/apt,2 reviews,"Bushwick, Brooklyn"
Private Master Suite in Park Slope,104,Private room,96 reviews,"Park Slope, Brooklyn"
New York City room for rent!,32,Private room,5 reviews,"Bushwick, Brooklyn"
FAB BKLYN ROOM&BATH&OWN ENTRANCE,99,Private room,50 reviews,"Fort Greene, Brooklyn"
"Great Room, Great Hosts, Great Hood",36,Private room,31 reviews,"Bushwick, Brooklyn"
1) Cozy Private Room exposed Brick!,49,Private room,17 reviews,"Bushwick, Brooklyn"
Private room. Modern Apartment,54,Private room,67 reviews,"Crown Heights, Brooklyn"
"Great loft, perfect location",127,Entire home/apt,11 reviews,"Williamsburg, Brooklyn"
New Listing!  Price reduced.  :),36,Private room,"Williamsburg, Brooklyn",
Williamsburg - Spacious & Charming!,52,Private room,14 reviews,"Williamsburg, Brooklyn"
Modern Sunny Queer Friendly Loft,45,Private room,32 reviews,"Williamsburg, Brooklyn"
Bright Box Factory Loft,45,Private room,51 reviews,"Greenpoint, Brooklyn"
Beautiful room attached to bathroom,71,Private room,34 reviews,"Greenpoint, Brooklyn"
Bedroom with Garden at the Back,63,Private room,117 reviews,"Clinton Hill, Brooklyn"
Your own studio in Bed- Stuy.,45,Entire home/apt,13 reviews,"Bedford-Stuyvesant, Brooklyn"
Lively loft II!,53,Private room,26 reviews,"Williamsburg, Brooklyn"
"Colorful, quiet, & near the subway!",81,Private room,56 reviews,"Boerum Hill, Brooklyn"
Private room25 min from time square,32,Private room,3 reviews,"Bushwick, Brooklyn"
Rare Williamsburg Penthouse Retreat,95,Private room,31 reviews,"Williamsburg, Brooklyn"
2 STORY DUPLEX PRIME WILLIAMSBURG,90,Entire home/apt,4 reviews,"Williamsburg, Brooklyn"
Comfy bed in friendly Homestel #5,29,Shared room,32 reviews,"Bedford-Stuyvesant, Brooklyn"
#4~Studio Suite-10 mins Manhattan!,90,Entire home/apt,29 reviews,"Clinton Hill, Brooklyn"
Brooklyn Style - With a Balcony!!!,59,Private room,21 reviews,"Bedford-Stuyvesant, Brooklyn"
"BEST DEAL IN BROOKLYN, FULL SIZE BD",41,Private room,49 reviews,"East New York, Brooklyn"
Central Williamsburg Fab Large Room,63,Private room,8 reviews,"Williamsburg, Brooklyn"
Park Slope/Prospect Hghts 2 bedroom,135,Entire home/apt,60 reviews,"Prospect Heights, Brooklyn"
Converted Church in Williamsburg,181,Entire home/apt,"Williamsburg, Brooklyn",
Private room. Modern Apartment,54,Private room,67 reviews,"Crown Heights, Brooklyn"
Large 1BR right by Prospect Park,86,Entire home/apt,3 reviews,"Windsor Terrace, Brooklyn"
Spacious Park Slope brownstone,122,Entire home/apt,6 reviews,"Park Slope, Brooklyn"
Stunning 23 fl bedroom with views,113,Private room,25 reviews,"Downtown Brooklyn, Brooklyn"
Charming One Bedroom in Brooklyn,113,Entire home/apt,14 reviews,"Greenpoint, Brooklyn"
"Great Room, Great Hosts, Great Hood",36,Private room,31 reviews,"Bushwick, Brooklyn"
Brooklyn Bedroom 8 Min From City,39,Private room,9 reviews,"Williamsburg, Brooklyn"
"Delightful,Private,Brooklyn studio",81,Private room,117 reviews,"Bedford-Stuyvesant, Brooklyn"
A Spacious Room in a Brooklyn House,68,Private room,15 reviews,"Lefferts Garden, Brooklyn"
Hip/Trendy Brooklyn Loft Apartment.,36,Private room,9 reviews,"Bedford-Stuyvesant, Brooklyn"
Large Sunny 1BR - Entire 2nd Floor,126,Entire home/apt,67 reviews,"Greenpoint, Brooklyn"
Sunny Williamsburg Penthouse,90,Private room,67 reviews,"Williamsburg, Brooklyn"
simple and clean in a great hood,44,Private room,34 reviews,Brooklyn
Guest Bedroom - 3 Blocks to L Train,80,Private room,11 reviews,"Williamsburg, Brooklyn"
"Budget Luxury, w/ Manhattan Views!",80,Private room,49 reviews,"Williamsburg, Brooklyn"
Greenpoint small studio,68,Private room,21 reviews,"Greenpoint, Brooklyn"
Cozy Room on Prospect Park!,41,Private room,57 reviews,"Flatbush, Brooklyn"
Best Location Bright Apt- Bedford L,127,Entire home/apt,13 reviews,"Williamsburg, Brooklyn"
1bdrm in sunny 2bd apt in cute area,96,Private room,1 review,"Clinton Hill, Brooklyn"
PRIVATE and SUNNY Williamsburg Apt!,126,Entire home/apt,145 reviews,"Williamsburg, Brooklyn"
Cozy Room in Greenpoint Brooklyn,54,Private room,3 reviews,"Greenpoint, Brooklyn"
"Cozy room, overlooking garden",59,Private room,24 reviews,"Bedford-Stuyvesant, Brooklyn"
3BR/2BA Duplex - 1min to subway!,167,Entire home/apt,10 reviews,"Bedford-Stuyvesant, Brooklyn"
Bright  1BR Near 7th Ave F Train!,136,Entire home/apt,25 reviews,"Park Slope, Brooklyn"
Williamsburg 1 bedroom Apartment,136,Entire home/apt,50 reviews,"Williamsburg, Brooklyn"
"Great location, cozy, near F, G, R!",127,Entire home/apt,8 reviews,"Park Slope, Brooklyn"
Lovely Private Room in Brownstone,72,Private room,28 reviews,"Crown Heights, Brooklyn"
Sunny Private Room in Williamsburg,81,Private room,2 reviews,"Williamsburg, Brooklyn"
Sunny Loft in Brooklyn by River,249,Entire home/apt,4 reviews,"Williamsburg, Brooklyn"
Amazing Private Bedroom in Bushwick,56,Private room,2 reviews,"Bedford-Stuyvesant, Brooklyn"
Beautiful Room w/ Rooftop Patio!,90,Private room,15 reviews,"Williamsburg, Brooklyn"
carriage house apartment,136,Entire home/apt,83 reviews,"Clinton Hill, Brooklyn"
Experience NYC For $26 Per Night!,24,Shared room,42 reviews,"Bedford-Stuyvesant, Brooklyn"
Stay in the 2nd bedroom at The L,77,Private room,11 reviews,"Bushwick, Brooklyn"
Williamsburg Bed Steps to Bedford L,45,Private room,1 review,"Williamsburg, Brooklyn"
White Studio by Verrazano Bridge,68,Entire home/apt,41 reviews,"Bay Ridge, Brooklyn"
BUDGET ROOM 15 MINUTES TO MANHATTAN,53,Private room,9 reviews,"Bushwick, Brooklyn"
NYC Brklyn Cozy Rustic Artist Home,42,Private room,15 reviews,"Bushwick, Brooklyn"
The Notorious B.N.B. { Erhart II },180,Private room,24 reviews,"Clinton Hill, Brooklyn"
Spacious w/ Private Rooftop!,76,Private room,14 reviews,"Williamsburg, Brooklyn"
Sunny+Cozy Double bedroom in BKLYN!,52,Private room,79 reviews,"East Flatbush, Brooklyn"
Great 1 Bedroom Apt Williamsburg!,122,Entire home/apt,22 reviews,"Williamsburg, Brooklyn"
Luxury W-Burg With Private Entrance,149,Entire home/apt,37 reviews,"Williamsburg, Brooklyn"
LARGE WAREHOUSE LOFT w CITY Views7,68,Entire home/apt,64 reviews,"Bedford-Stuyvesant, Brooklyn"
Entire Waterfront Loft; City Views,90,Entire home/apt,72 reviews,"Brooklyn Navy Yard, Brooklyn"
ARTS LOFT+OFFICE  in PRIME W'burg!,80,Private room,94 reviews,"Williamsburg, Brooklyn"
The Library Loft- The Art Room,41,Private room,13 reviews,"Williamsburg, Brooklyn"
A Breathtaking Brooklyn Experience!,80,Private room,159 reviews,"Fort Greene, Brooklyn"
Penthouse w Patio & Million-$-View!,133,Entire home/apt,20 reviews,"Bushwick, Brooklyn"
Huge sunny artist loft +roof garden,271,Entire home/apt,36 reviews,"Gowanus, Brooklyn"
Spacious & Sunny in Prime Brooklyn,136,Entire home/apt,27 reviews,"Clinton Hill, Brooklyn"
The Williamsburg Experience.,46,Private room,72 reviews,"Williamsburg, Brooklyn"
Charming Boerum Hill - Private Deck,77,Private room,88 reviews,"Boerum Hill, Brooklyn"
Luxury Romantic PENTHOUSE wPOOL 1BD,180,Entire home/apt,4 reviews,"Williamsburg, Brooklyn"
Nice room next to Prospect Park!,53,Private room,48 reviews,"Lefferts Garden, New York"
East Williamsburg/Bed Stuy Sublet,32,Private room,6 reviews,"Bedford-Stuyvesant, Brooklyn"
Stunning! Williamsburg Dream Room.,99,Private room,55 reviews,"Williamsburg, Brooklyn"
Sunny Room 1/2 Block from L Train!,50,Private room,54 reviews,"Bushwick, Brooklyn"
Private room in cartoonist home,41,Private room,"Flatbush, Brooklyn",
Bedroom//Hip Neighborhood//Backyard,36,Private room,71 reviews,"Bushwick, Brooklyn"
Quiet Park Slope Apt Near All,172,Entire home/apt,24 reviews,"Park Slope, Brooklyn"
1BR Modern New Apt in Brooklyn,96,Entire home/apt,3 reviews,"Crown Heights, Brooklyn"
A Breathtaking Brooklyn Experience!,80,Private room,159 reviews,"Fort Greene, Brooklyn"
Minutes to Manhattan. Private Bath!,109,Private room,18 reviews,"Clinton Hill, Brooklyn"
Clean Private Room (in Brooklyn),56,Private room,77 reviews,"Greenpoint, Brooklyn"
"Spacious, Cool 1-BD in Brooklyn",54,Entire home/apt,1 review,"Crown Heights, Brooklyn"
Private entrance/bath in luxury apt,86,Private room,7 reviews,"Williamsburg, Brooklyn"
Private Room in W'burg Penthouse,50,Private room,5 reviews,"Williamsburg, Brooklyn"
Brooklyn Prospect Park Sunny Dormer,113,Private room,63 reviews,"Fort Greene, Brooklyn"
BLIND MEETING IN BUSHWICK,9,Private room,1 review,"Bushwick, Brooklyn"
Beautiful Room near Manhattan,41,Private room,29 reviews,"Bedford-Stuyvesant, Brooklyn"
Artsy apt in heart of Williamsburg,81,Entire home/apt,31 reviews,"Williamsburg, Brooklyn"
Loft in Brand New WBurg Apartment,80,Private room,46 reviews,"Williamsburg, Brooklyn"
Fort Greene brownstone,72,Private room,68 reviews,"Fort Greene, Brooklyn"
BUDGET RM+ 1/2BATH-15 MIN MANHATTAN,58,Private room,6 reviews,"Bushwick, Brooklyn"
Comfy bed in friendly Homestel #2,29,Shared room,14 reviews,"Bedford-Stuyvesant, Brooklyn"
#1~Studio Suite-10 mins Manhattan!,90,Entire home/apt,41 reviews,"Clinton Hill, Brooklyn"
Brooklyn Apt with Manhattan View!,99,Entire home/apt,17 reviews,"Williamsburg, Brooklyn"
SUNNY MODERN LOFT 2 ON BEDFORD AVE!,90,Private room,28 reviews,"Williamsburg, Brooklyn"
Columbia Castle in Brooklyn Heights,72,Private room,53 reviews,"Brooklyn Heights, Brooklyn"
"Spacious, modern Apartment",136,Private room,26 reviews,"Williamsburg, Brooklyn"
Cozy oasis in heart of Williamsburg,45,Private room,6 reviews,"Williamsburg, Brooklyn"
Spacious loft in Downtown Brooklyn,89,Private room,55 reviews,"Downtown Brooklyn, Brooklyn"
"Dream Come True, Too! Williamsburg",68,Private room,34 reviews,"Williamsburg, Brooklyn"
Spacious Brooklyn Heights Sunny Apt,136,Entire home/apt,22 reviews,"Brooklyn Heights, Brooklyn"
Williamsburg 1 block from L Train,61,Private room,58 reviews,"Williamsburg, Brooklyn"
"Comfortable, Lovely Room on L Train",43,Private room,13 reviews,"Bushwick, Brooklyn"
Tiny little private nook!,32,Private room,21 reviews,"Crown Heights, Brooklyn"
Private Room in Williamsburg Loft,68,Private room,15 reviews,"Williamsburg, Brooklyn"
Williamsburg Penthouse For A Cause,90,Private room,122 reviews,"Williamsburg, Brooklyn"
AMAZING TRENDY NYC LOFT,172,Entire home/apt,3 reviews,"Williamsburg, Brooklyn"
East Williamsburg Artist Loft,45,Private room,23 reviews,"Williamsburg, Brooklyn"
"Beautiful, large, charming spot",172,Entire home/apt,11 reviews,"Williamsburg, Brooklyn"
"Cozy room, overlooking garden",59,Private room,24 reviews,"Bedford-Stuyvesant, Brooklyn"
"Delightful,Private,Brooklyn studio",81,Private room,117 reviews,"Bedford-Stuyvesant, Brooklyn"
Private Master Suite in Park Slope,104,Private room,96 reviews,"Park Slope, Brooklyn"
Private Bedroom in the loft,54,Private room,17 reviews,"Bushwick, Brooklyn"
Greenpoint oasis in the sky,167,Entire home/apt,3 reviews,"Greenpoint, Brooklyn"
Central Williamsburg Fab Large Room,63,Private room,8 reviews,"Williamsburg, Brooklyn"
"Whole apt. in Williamsburg, Bklyn",163,Entire home/apt,9 reviews,"Williamsburg, Brooklyn"
Dream Loft 10 Min to Manhattan,86,Private room,26 reviews,"Williamsburg, Brooklyn"
Private 1BR @ Spacious Sunny Duplex,59,Private room,9 reviews,"Bushwick, Brooklyn"
spacious studio apartment,86,Entire home/apt,113 reviews,"Greenpoint, Brooklyn"
Beds Bikes Breakfast on The Park,41,Private room,7 reviews,"Flatbush, Brooklyn"
"Incredible location, stunning view!",154,Entire home/apt,6 reviews,"Downtown Brooklyn, Brooklyn"
bright studio loft in artsy bldg,109,Entire home/apt,96 reviews,"Williamsburg, Brooklyn"
Sunny Room in Bushwick Paradise,81,Private room,"Bushwick, Brooklyn",
Room in Duplex apartment (2Beds),90,Private room,6 reviews,"Fort Greene, Brooklyn"
"Williamsburg, Brooklyn Artist Loft",54,Private room,10 reviews,"Greenpoint, Brooklyn"
Large Room with Private Bathroom,33,Private room,2 reviews,"Clinton Hill, Brooklyn"
Spacious w/ Private Rooftop!,76,Private room,14 reviews,"Williamsburg, Brooklyn"
Williamsburg Bed Steps to Bedford L,45,Private room,1 review,"Williamsburg, Brooklyn"
"Sunlit, spacious Bushwick studio",45,Entire home/apt,10 reviews,"Bushwick, Brooklyn"
Penthouse w Patio & Million-$-View!,133,Entire home/apt,20 reviews,"Bushwick, Brooklyn"
Beautiful room attached to bathroom,71,Private room,34 reviews,"Greenpoint, Brooklyn"
Spacious sunny bedroom,45,Private room,"Flatbush, New York",
PRIVATE ROOM STEPS FROM L TRAIN,50,Private room,10 reviews,"Williamsburg, Brooklyn"
Beautiful 1 Bedroom,90,Entire home/apt,14 reviews,"Prospect Heights, Brooklyn"
Cute lil room in a charming bk apt,77,Private room,11 reviews,"Williamsburg, Brooklyn"
Artsy apt in heart of Williamsburg,81,Entire home/apt,31 reviews,"Williamsburg, Brooklyn"
Fab Brooklyn loft with great views,145,Entire home/apt,8 reviews,"Carroll Gardens, Brooklyn"
Newest Building in Williamsburg #2,92,Private room,9 reviews,"Williamsburg, Brooklyn"
Quintessential Brooklyn...!!,98,Entire home/apt,11 reviews,"Boerum Hill, Brooklyn"
A bedroom with a sunroom!,137,Entire home/apt,7 reviews,"Fort Greene, Brooklyn"
Directly Across from Prospect Park!,53,Private room,60 reviews,Brooklyn
Sunny Room in Bushwick Paradise,81,Private room,"Bushwick, Brooklyn",
Stunning! Williamsburg Dream Room.,99,Private room,55 reviews,"Williamsburg, Brooklyn"
Brooklyn Zen,136,Entire home/apt,14 reviews,"Brooklyn Heights, Brooklyn"
2br apt in Williamsburg!,126,Entire home/apt,1 review,"Williamsburg, Brooklyn"
"Sun drenched home, corner of park",49,Private room,5 reviews,"Fort Greene, Brooklyn"
Huge bedroom! One block from subway,33,Private room,34 reviews,"Midwood, Brooklyn"
A Brooklyn Home Away From Home,50,Private room,51 reviews,"Bedford-Stuyvesant, Brooklyn"
Cozy KING Size Bed in Brooklyn,50,Private room,38 reviews,"East New York, Brooklyn"
Experience NYC For $26 Per Night!,24,Shared room,56 reviews,"Bedford-Stuyvesant, Brooklyn"
Place (Room),53,Private room,58 reviews,"Bedford-Stuyvesant, Brooklyn"
*** BEST APT EVER!!-AVAILABLE NOW!,93,Private room,31 reviews,"Williamsburg, Brooklyn"
Brownstone in Brooklyn,153,Entire home/apt,8 reviews,"Clinton Hill, Brooklyn"
Luxury Fort Greene Brooklyn Apt,144,Entire home/apt,3 reviews,"Fort Greene, Brooklyn"
SUNNY ROOM A- 15 MINUTES >MANHATTAN,71,Private room,17 reviews,"Bushwick, Brooklyn"
"Cozy, Cool, and Budget-Friendly",54,Private room,4 reviews,"Flatbush, Brooklyn"
Downtown Brooklyn Living,67,Private room,18 reviews,"Downtown Brooklyn, Brooklyn"
Unique SHARED Rm 4 Single & Groups|,35,Shared room,8 reviews,"Williamsburg, Brooklyn"
"Lovely Park Slope Apt, Brooklyn",95,Private room,22 reviews,"Park Slope, Brooklyn"
Beds Bikes Breakfast (on the Park2),41,Private room,27 reviews,"Flatbush, Brooklyn"
Designer Studio Apt in Red Hook,90,Entire home/apt,46 reviews,"Red Hook, Brooklyn"
The Library Loft- The Art Room,41,Private room,13 reviews,"Williamsburg, Brooklyn"
Sunny room in W'burg Penthouse Apt,62,Private room,3 reviews,"Williamsburg, Brooklyn"
Private 1BR @ Spacious Sunny Duplex,59,Private room,9 reviews,"Bushwick, Brooklyn"
Option of 2 Beds + Private Bathroom,52,Private room,39 reviews,"Bushwick, Brooklyn"
spacious studio apartment,86,Entire home/apt,113 reviews,"Greenpoint, Brooklyn"
Brand New Brooklyn studio,118,Entire home/apt,3 reviews,"Crown Heights, Brooklyn"
Gorgeous Apartment in Williamsburg,135,Entire home/apt,34 reviews,"Williamsburg, Brooklyn"
The Black and White Loft,61,Private room,4 reviews,"Williamsburg, Brooklyn"
Bedroom in the heart of Williamburg,86,Private room,11 reviews,"Williamsburg, Brooklyn"
Lovely room on a new brand loft,50,Private room,"Greenpoint, Brooklyn",
PRIVATE and SUNNY Williamsburg Apt!,126,Entire home/apt,145 reviews,"Williamsburg, Brooklyn"
Large Williamsburg Loft Apartment,181,Entire home/apt,36 reviews,"Williamsburg, Brooklyn"
Quirky Duplex - Historic Park Slope,68,Private room,41 reviews,"Park Slope, Brooklyn"
Private room with sleeping loft,41,Private room,14 reviews,"Williamsburg, Brooklyn"
The Notorious B.N.B. { Erhart },216,Private room,48 reviews,"Clinton Hill, Brooklyn"
Beds Bikes Breakfast on The Park,41,Private room,7 reviews,"Flatbush, Brooklyn"
*PRIME LOCATION* STEPS TO L TRAIN,77,Private room,16 reviews,"Williamsburg, Brooklyn"
THE PRESIDENT'S SUITE,81,Private room,8 reviews,"Williamsburg, Brooklyn"
Sunny Private Room in Williamsburg!,45,Private room,17 reviews,"Williamsburg, Brooklyn"
Private Room & Bath in Brooklyn!,77,Private room,40 reviews,Brooklyn
Private room in East Williamsburg,36,Private room,4 reviews,"Williamsburg, Brooklyn"
Winter Special! Charming 3bdrm Loft,136,Entire home/apt,2 reviews,"Bushwick, Brooklyn"
One Bdrm in Trendy Prospect Hts,108,Entire home/apt,33 reviews,"Prospect Heights, Brooklyn"
"Sun-filled, Quiet, Eclectic apt",66,Private room,1 review,"Park Slope, Brooklyn"
Single private room in townhouse,44,Private room,3 reviews,"Brooklyn Navy Yard, Brooklyn"
Spacious 1 Bedroom in Fort Greene,126,Entire home/apt,57 reviews,"Fort Greene, Brooklyn"
Cozy Room With private 1/2 bath,54,Private room,102 reviews,"Park Slope, Brooklyn"
The Wyckoff,77,Private room,7 reviews,"Bushwick, Brooklyn"
"Great location, cozy, near F, G, R!",127,Entire home/apt,8 reviews,"Park Slope, Brooklyn"
Sunny Private Room in Brooklyn,54,Private room,15 reviews,"Crown Heights, Brooklyn"
Williamsburg 1 block from L Train,61,Private room,58 reviews,"Williamsburg, Brooklyn"
Bright Peaceful 1 bedroom 2 bath,158,Entire home/apt,1 review,"Park Slope, Brooklyn"
Bright Room in Williamsburg,50,Private room,1 review,"Williamsburg, Brooklyn"
Lively loft II!,53,Private room,26 reviews,"Williamsburg, Brooklyn"
Your OWN Private Garden Apartment,109,Entire home/apt,14 reviews,"Clinton Hill, Brooklyn"
Great spot right on Bedford Ave!,54,Private room,19 reviews,"Williamsburg, Brooklyn"
Awesome Room in Prime Brooklyn Spot,54,Private room,6 reviews,Brooklyn
LG Private Room/Family Friendly,68,Private room,28 reviews,"Bushwick, Brooklyn"
"QUIET, QUAINT & BEAUTIFUL LOFT",99,Private room,20 reviews,"Williamsburg, Brooklyn"
Brooklyn NY Studio，Private Bathroom,54,Private room,3 reviews,"Bay Ridge, Brooklyn"
"♥ of Williamsburg, Private Entrance",117,Private room,52 reviews,"Williamsburg, Brooklyn"
Brooklyn's Best - Fort Greene,77,Entire home/apt,1 review,"Fort Greene, Brooklyn"
Large Bright Modern Room w Rooftop,41,Private room,"Bedford-Stuyvesant, Brooklyn",
"Big WBurg Rm, 5 min from L, Fits 4!",71,Private room,6 reviews,"Williamsburg, Brooklyn"
Entire Modern Loft with Balcony,99,Entire home/apt,52 reviews,"Bedford-Stuyvesant, Brooklyn"
Sunny room in modern apartment,62,Private room,13 reviews,"Crown Heights, Brooklyn"
Sunny loft in Bushwick - Morgan L,81,Private room,23 reviews,"Bushwick, Brooklyn"
Cozy KING Size Bed in Brooklyn,50,Private room,38 reviews,"East New York, Brooklyn"
Amazing 1 bed in Williamsburg,122,Entire home/apt,"Williamsburg, Brooklyn",
Sunny Bedroom in 4500 sqf Loft,59,Private room,8 reviews,"Bushwick, Brooklyn"
Room in the heart of Williamsburg,49,Private room,2 reviews,"Williamsburg, Brooklyn"
PRIVATE SUITE in Williamsburg BK,72,Private room,3 reviews,"Williamsburg, Brooklyn"
Private Room in W'burg Penthouse,50,Private room,5 reviews,"Williamsburg, Brooklyn"
Beautiful Historic Brooklyn Apt,41,Private room,2 reviews,"Bay Ridge, Brooklyn"
Williamsburg Cozy Private Room,68,Private room,3 reviews,"Williamsburg, Brooklyn"
Prime location in Williamsburg,77,Private room,34 reviews,"Williamsburg, Brooklyn"
Cute + Cozy: Park Slope One Bedroom,122,Entire home/apt,3 reviews,"Park Slope, Brooklyn"
A bedroom with a sunroom!,137,Entire home/apt,7 reviews,"Fort Greene, Brooklyn"
Large Bedroom with kitchenette,109,Private room,26 reviews,"Prospect Heights, Brooklyn"
Fort Greene brownstone,72,Private room,68 reviews,"Fort Greene, Brooklyn"
Place (Room),53,Private room,58 reviews,"Bedford-Stuyvesant, Brooklyn"
New listing! Bk artist loft.,127,Entire home/apt,6 reviews,"Bushwick, Brooklyn"
Farmhouse with backyard chickens,72,Private room,5 reviews,"Flatbush, Brooklyn"
Brownstone apt in storybook setting,109,Private room,11 reviews,"Park Slope, Brooklyn"
2 STORY DUPLEX PRIME WILLIAMSBURG,90,Entire home/apt,4 reviews,"Williamsburg, Brooklyn"
Huge Sunny room just off bedford,59,Private room,46 reviews,"Williamsburg, Brooklyn"
Bright Sunny 8x13 Williamsburg Room,70,Private room,5 reviews,"Williamsburg, Brooklyn"
Sunny one bedroom loft apartment,135,Entire home/apt,9 reviews,"Williamsburg, Brooklyn"
Heart of Wberg Private Room 1E,72,Private room,18 reviews,"Williamsburg, Brooklyn"
"Fort Greene, Brooklyn 1 Bedroom Apt",152,Entire home/apt,19 reviews,"Fort Greene, Brooklyn"
Beautiful & Quiet Williamsburg Apt,90,Entire home/apt,67 reviews,"Williamsburg, Brooklyn"
Luxury 1 Bedroom in Williamsburg,172,Entire home/apt,20 reviews,"Williamsburg, Brooklyn"
Rm Available in Central Ft Greene,86,Private room,10 reviews,"Fort Greene, Brooklyn"
Spacious loft in Downtown Brooklyn,89,Private room,55 reviews,"Downtown Brooklyn, Brooklyn"
"Sunny brownstone room, Ft. Greene",86,Private room,2 reviews,"Fort Greene, Brooklyn"
"NYC, Modern & Comfortable. THE ONE",180,Entire home/apt,56 reviews,"Williamsburg, Brooklyn"
The Real Cool Large Private Deal,199,Entire home/apt,90 reviews,"Williamsburg, Brooklyn"
Spacious & Comfy Bushwick Walk-Up,52,Private room,1 review,"Bushwick, Brooklyn"
Cozy Room - Great Brooklyn Location,63,Private room,27 reviews,"Prospect Heights, Brooklyn"
Spacious 1BR NYC home base in BKLN!,88,Entire home/apt,8 reviews,"Park Slope, Brooklyn"
E Williamsburg Apartment with Yard!,45,Private room,35 reviews,"Williamsburg, Brooklyn"
Great Apt!  SPECIAL WINTER PRICE!,86,Entire home/apt,22 reviews,"Flatbush, Brooklyn"
"Spacious, Cool 1-BD in Brooklyn",54,Entire home/apt,1 review,"Crown Heights, Brooklyn"
Big 1 BR Apt in Williamsburg!,71,Entire home/apt,2 reviews,"Williamsburg, Brooklyn"
Private Loft/Nest in Williamsburg,61,Private room,12 reviews,"Williamsburg, Brooklyn"
Private Loft/Nest in Williamsburg,61,Private room,12 reviews,"Williamsburg, Brooklyn"
"Charming, Airy 2 Bedroom Brownstone",99,Entire home/apt,18 reviews,"Bedford-Stuyvesant, Brooklyn"
Charming room in Williamsburg home,50,Private room,3 reviews,"Williamsburg, Brooklyn"
Williamsburg Penthouse For A Cause,90,Private room,122 reviews,"Williamsburg, Brooklyn"
Loft Studio with Private Bathroom,72,Private room,78 reviews,"Bedford-Stuyvesant, Brooklyn"
Location! 1b apt 10min to Manhattan,135,Entire home/apt,68 reviews,"Fort Greene, Brooklyn"
Park Slope Private Garden & Laundry,158,Entire home/apt,"Park Slope, Brooklyn",
The Wyckoff 2,77,Private room,3 reviews,"Bushwick, Brooklyn"
FAB BKLYN ROOM&BATH&OWN ENTRANCE,99,Private room,50 reviews,"Fort Greene, Brooklyn"
South Slope Private Basement Studio,68,Private room,13 reviews,"Park Slope, Brooklyn"
"Williamsburg, Large Private Room",59,Private room,12 reviews,"Williamsburg, Brooklyn"
Bedroom with Garden at the Back,63,Private room,117 reviews,"Clinton Hill, Brooklyn"
Bohemian Paradise in Industrial BK,90,Private room,58 reviews,"Williamsburg, Brooklyn"
Cozy in a Nice Convenient Area,39,Private room,1 review,"Crown Heights, Brooklyn"
VALENTINES DAY SPECIAL --,99,Entire home/apt,20 reviews,"Prospect Heights, Brooklyn"
Large sunny room across from park,54,Private room,3 reviews,"Bushwick, Brooklyn"
Beautiful + Sunny Fort Greene 1BR,126,Entire home/apt,34 reviews,"Clinton Hill, Brooklyn"
Only 1 minute-walk to Park & Metro!,56,Private room,29 reviews,"Lefferts Garden, Brooklyn"
Central Williamsburg with Garden,59,Private room,25 reviews,"Williamsburg, Brooklyn"
Sunny private room in Clinton Hill,45,Private room,"Clinton Hill, Brooklyn",
The Notorious B.N.B. { Erhart II },180,Private room,24 reviews,"Clinton Hill, Brooklyn"
Luxury Private Room in Williamsburg,59,Private room,1 review,"Williamsburg, Brooklyn"
BEST BK Neighborhood! Steps 2 train,71,Entire home/apt,12 reviews,"Clinton Hill, Brooklyn"
Park Slope Private Room and Bath,59,Private room,29 reviews,"Park Slope, Brooklyn"
"Heart of Williamsburg, Best Price!",59,Private room,3 reviews,"Williamsburg, Brooklyn"
Sunny & modern  1bd/1ba home,127,Entire home/apt,11 reviews,"Clinton Hill, Brooklyn"
Modern Penthouse Apt in Greenpoint,135,Entire home/apt,61 reviews,"Greenpoint, Brooklyn"
"Fresh, Clean Brooklyn Garden Apt.",136,Entire home/apt,70 reviews,"Clinton Hill, Brooklyn"
Perfect bedroom–unbeatable location,122,Private room,25 reviews,"Williamsburg, Brooklyn"
Private Bedroom,53,Private room,10 reviews,"Bushwick, Brooklyn"
Lively loft!,44,Private room,68 reviews,"Williamsburg, Brooklyn"
Private Room In a Modern HUGE Loft,90,Private room,38 reviews,"Williamsburg, Brooklyn"
Bohemian Brooklyn Experience,72,Entire home/apt,3 reviews,"Crown Heights, Brooklyn"
Sunny Bedroom in Williamsburg Loft,45,Private room,20 reviews,"Williamsburg, Brooklyn"
Bright Bedroom on Bedford Stop,72,Private room,3 reviews,"Williamsburg, Brooklyn"
Private room in Brooklyn,161,Private room,16 reviews,"Park Slope, Brooklyn"
Charming 2 BR Duplex-- Clinton Hill,167,Entire home/apt,68 reviews,"Clinton Hill, Brooklyn"
Designer 1 Bedroom in Williamsburg,131,Entire home/apt,21 reviews,"Williamsburg, Brooklyn"
Room in beautiful friendly house,50,Private room,12 reviews,"Bushwick, Brooklyn"
Luxury & style in hip Williamsburg,172,Entire home/apt,23 reviews,"Williamsburg, Brooklyn"
Spacious Room in Brooklyn for 2!,50,Private room,15 reviews,"Bedford-Stuyvesant, Brooklyn"
*Sunny Airy 1BR Loft Williamsburg*,176,Entire home/apt,59 reviews,"Williamsburg, Brooklyn"
"Beautiful 4 BR,  #1, BEST LOCATION",83,Private room,110 reviews,"Park Slope, Brooklyn"
9 B Private Room in Lux Loft,90,Private room,11 reviews,"Williamsburg, Brooklyn"
Luxury Waterfront Studio w/POOL GYM,163,Entire home/apt,7 reviews,"Williamsburg, Brooklyn"
Radiant Cobble Hill - 1 bedroom,107,Entire home/apt,18 reviews,"Boerum Hill, Brooklyn"
Airy Designer Loft in Williamsburg,217,Entire home/apt,7 reviews,"Williamsburg, Brooklyn"
Cozy BR in Wiliamsburg 2 Bedroom,68,Private room,68 reviews,"Williamsburg, Brooklyn"
"Spacious, Spotless 1Bd- BK Heights!",136,Entire home/apt,92 reviews,"Brooklyn Heights, Brooklyn"
Vintage Loft in S. Williamsburg,104,Entire home/apt,31 reviews,"Williamsburg, Brooklyn"
Stay in super cool williamsburg! :),45,Private room,3 reviews,"Williamsburg, Brooklyn"
Huge BR in W'Burg - pvt terrace,99,Private room,4 reviews,"Williamsburg, Brooklyn"
Large and Cozy Private Bedroom,41,Private room,30 reviews,"Kensington, Brooklyn"
House on 11th - Garden Level Apt.,149,Entire home/apt,102 reviews,"Gowanus, Brooklyn"
Comfy bed in friendly Homestel #1,29,Shared room,9 reviews,"Bedford-Stuyvesant, Brooklyn"
"Private, Full Room, Very Quiet!",63,Private room,132 reviews,"Williamsburg, Brooklyn"
Cozy 2 br in sunny Fort Greene apt,90,Private room,12 reviews,"Fort Greene, Brooklyn"
Charming and Cozy 1 Bedroom,131,Entire home/apt,8 reviews,"Carroll Gardens, Brooklyn"
Gorgeous studio in Brooklyn Heights,117,Entire home/apt,7 reviews,"Brooklyn Heights, Brooklyn"
*** BEST APT EVER!!-AVAILABLE NOW!,93,Private room,31 reviews,"Williamsburg, Brooklyn"
Specious room in Brooklyn!!,68,Private room,4 reviews,"Crown Heights, Brooklyn"
"Great apartment in Williamsburg, NY",81,Entire home/apt,13 reviews,"Williamsburg, Brooklyn"
1b prime N Williamsburg NYC,127,Entire home/apt,5 reviews,"Williamsburg, Brooklyn"
Spacious Studio in Center Slope,122,Entire home/apt,15 reviews,"Park Slope, Brooklyn"
Cute Bright Loft Bedroom,72,Private room,104 reviews,"Williamsburg, Brooklyn"
"Cozy, Light, Park Slope Retreat",113,Entire home/apt,2 reviews,"Park Slope, Brooklyn"
1 BR Williamsburg Water Front Loft,127,Entire home/apt,5 reviews,"Williamsburg, Brooklyn"
Modern Meets Vintage in Cobble Hill,71,Private room,42 reviews,"Boerum Hill, Brooklyn"
Spacious Williamsburg Loft @Bedford,80,Private room,29 reviews,"Williamsburg, Brooklyn"
Large Room in Williamsburg,45,Private room,1 review,"Williamsburg, Brooklyn"
Spacious 2 BR apartment in Bed-Stuy,128,Entire home/apt,10 reviews,"Bedford-Stuyvesant, Brooklyn"
Large Room in Modern Sunny Loft,63,Private room,15 reviews,"Williamsburg, Brooklyn"
BEST LOCATION IN WILLIAMSBURG,126,Entire home/apt,47 reviews,"Williamsburg, Brooklyn"
Private Bedroom in the loft,54,Private room,17 reviews,"Bushwick, Brooklyn"
Bedroom in Brooklyn (Cobble Hill),63,Private room,1 review,"Downtown Brooklyn, Brooklyn"
Private Brooklyn Studio,90,Entire home/apt,21 reviews,"Fort Greene, Brooklyn"
Bright Spacious 2-bedroom,109,Entire home/apt,6 reviews,"Crown Heights, Brooklyn"
Prime Park Slope Quiet BR w Kitchen,99,Entire home/apt,55 reviews,"Park Slope, Brooklyn"
Cozy Bedroom in Williamsburg 2 BR,72,Private room,73 reviews,"Williamsburg, Brooklyn"
Private room off L train,59,Private room,4 reviews,"Williamsburg, Brooklyn"
Prime Williamsburg Loft off Bedford,108,Private room,51 reviews,"Williamsburg, Brooklyn"
"Steps From Art, Shopping & Eats",136,Entire home/apt,11 reviews,"Prospect Heights, Brooklyn"
"Big Sunny Guest Room, W'burg Bridge",67,Private room,111 reviews,"Williamsburg, Brooklyn"
Trendy 1 bdr Prospect Heights BKLYN,59,Private room,50 reviews,"Crown Heights, Brooklyn"
Bohemian 1bd in Trendy Neighborhood,71,Private room,5 reviews,"Clinton Hill, Brooklyn"
Great location w/ Terrace! W&D!,113,Entire home/apt,2 reviews,"Williamsburg, Brooklyn"
"Great loft, perfect location",127,Entire home/apt,11 reviews,"Williamsburg, Brooklyn"
Sunny+Cozy Double bedroom in BKLYN!,52,Private room,79 reviews,"East Flatbush, Brooklyn"
Prospect Heights: Bright 1 BR,90,Entire home/apt,1 review,"Crown Heights, Brooklyn"
Comfy bed in friendly Homestel #A,30,Shared room,26 reviews,"Bedford-Stuyvesant, Brooklyn"
Comfy bed in friendly Homestel #A,30,Shared room,26 reviews,"Bedford-Stuyvesant, Brooklyn"
1BD brownstone apt in Fort Greene!,109,Entire home/apt,17 reviews,"Fort Greene, Brooklyn"
Beautiful Apartment in Williamsburg,127,Entire home/apt,2 reviews,"Williamsburg, Brooklyn"
NYC Large Sunny Room Artist Home!,54,Private room,10 reviews,"Bushwick, Brooklyn"
Bed-Stuy Private Quiet Queen Room,45,Private room,"Bedford-Stuyvesant, Brooklyn",
Spacious Heart of Ft. Greene Studio,90,Entire home/apt,31 reviews,"Fort Greene, Brooklyn"
Sun-drenched 1 Bedroom on the Park,117,Entire home/apt,25 reviews,"Greenpoint, Brooklyn"
Large peaceful room nr Prospect Pk,77,Private room,12 reviews,"Park Slope, Brooklyn"
Huge Sunny Apt Hip/Family Area,45,Private room,6 reviews,"Clinton Hill, Brooklyn"
Large room in two-story Brownstown,68,Private room,"Prospect Heights, Brooklyn",
Huge Brooklyn Loft with Roofdeck,149,Entire home/apt,42 reviews,"Williamsburg, Brooklyn"
Experience NYC For $26 Per Night!,24,Shared room,50 reviews,"Bedford-Stuyvesant, Brooklyn"
Perfect room in Prime Williamsburg,68,Private room,24 reviews,"Williamsburg, Brooklyn"
B King Bed 2 Awesome Luxury Apt,90,Private room,21 reviews,"Williamsburg, Brooklyn"
Big sunny room in Central Brooklyn,63,Private room,5 reviews,"Midwood, Brooklyn"
Bright BK studio apt (Ft. Greene),86,Entire home/apt,17 reviews,"Fort Greene, Brooklyn"
Bright Box Factory Loft,45,Private room,51 reviews,"Greenpoint, Brooklyn"
Huge studio-Clinton Hill w/balcony,113,Entire home/apt,4 reviews,"Clinton Hill, Brooklyn"
BED & BATHROOM in BROOKLYN,63,Private room,24 reviews,"Bedford-Stuyvesant, Brooklyn"
Spacious and Light Brooklyn Loft,199,Entire home/apt,7 reviews,"Williamsburg, Brooklyn"
Awesome studio in Bushwick!!!,80,Entire home/apt,21 reviews,"Bushwick, Brooklyn"
Charming Room Private Entry Wburg,72,Private room,30 reviews,"Williamsburg, Brooklyn"
3 Bed (2 Bath) Williamsburg Duplex!,194,Entire home/apt,15 reviews,"Williamsburg, Brooklyn"
Brooklyn - Boerum Hill Beauty,181,Entire home/apt,6 reviews,"Boerum Hill, Brooklyn"
"East River Queen, & outdoor deck!",158,Entire home/apt,53 reviews,"Williamsburg, New York"
Great room in hip Williamsburg,68,Private room,77 reviews,"Williamsburg, Brooklyn"
Luxury Landmark Converted Stable,543,Entire home/apt,106 reviews,"Clinton Hill, Brooklyn"
Sunfilled Skylit Townhouse 3BD,167,Entire home/apt,73 reviews,"Clinton Hill, Brooklyn"
Apt with pilates studio in Wllmsbrg,72,Private room,111 reviews,"Williamsburg, Brooklyn"
Luxury Modern Loft,182,Entire home/apt,7 reviews,"Williamsburg, Brooklyn"
Luxury Flat with Outdoor & Office,226,Entire home/apt,22 reviews,"DUMBO, Brooklyn"
SUNNY ROOM A- 15 MINUTES >MANHATTAN,71,Private room,17 reviews,"Bushwick, Brooklyn"
Waterbury House East Williamsburg 2,95,Private room,64 reviews,"Williamsburg, Brooklyn"
Private Skylight Room in BK Duplex,90,Private room,8 reviews,"Williamsburg, Brooklyn"
Inspiring spacious loft space,109,Private room,12 reviews,"Williamsburg, Brooklyn"
"Brooklyn Brownstone, Private Room",77,Private room,77 reviews,"Prospect Heights, Brooklyn"
Sunlit Room in Large Bright Apt.,63,Private room,3 reviews,"Park Slope, Brooklyn"
Private Room/Heart of Williamsburg,77,Shared room,14 reviews,"Williamsburg, Brooklyn"
"Dreamy room, eclectic Bushwick apt",32,Private room,14 reviews,"Bushwick, Brooklyn"
Private Room in Victorian House,68,Private room,22 reviews,"Flatbush, Brooklyn"
Private Nautical Loft in Bushwick,53,Private room,6 reviews,"Williamsburg, Brooklyn"
Pretty and Private in Clinton Hill,90,Private room,6 reviews,"Clinton Hill, Brooklyn"
Cozy room in Greenpoint Apartment!,54,Private room,2 reviews,"Greenpoint, Brooklyn"
Charming Bedroom - Private Entrance,90,Private room,26 reviews,"Carroll Gardens, Brooklyn"
Super Cute & Sunny Clinton Hill Apt,54,Private room,1 review,"Clinton Hill, Brooklyn"
Spacious room in pretty apt w deck,50,Private room,3 reviews,"Kensington, Brooklyn"
"Private Room, Williamsburg Duplex",113,Private room,2 reviews,"Williamsburg, Brooklyn"
Beautiful communal house Bushwick,54,Private room,7 reviews,"Bushwick, Brooklyn"
Large Private B&B Style Studio,72,Entire home/apt,48 reviews,"Bedford-Stuyvesant, Brooklyn"
Affordable Furnished Apartment,90,Entire home/apt,69 reviews,"Boerum Hill, Brooklyn"
"Sunny 1BR, steps to Montrose L",136,Entire home/apt,14 reviews,"Williamsburg, Brooklyn"
"Spacious, sunny Park Slope sublet",163,Entire home/apt,2 reviews,"Park Slope, Brooklyn"
Experience NYC For $26 Per Night!,24,Shared room,56 reviews,"Bedford-Stuyvesant, Brooklyn"
Beautiful Spot on Manhattan Ave.,53,Private room,7 reviews,"Greenpoint, Brooklyn"
Place (Room),53,Private room,58 reviews,"Bedford-Stuyvesant, Brooklyn"
Beautiful Spot on Manhattan Ave.,53,Private room,7 reviews,"Greenpoint, Brooklyn"
Experience NYC For $26 Per Night!,24,Shared room,56 reviews,"Bedford-Stuyvesant, Brooklyn"
1BR Brownstone w/NYC Skyline View!,176,Entire home/apt,3 reviews,"Park Slope, Brooklyn"
Williamsburg 1st stop 3 bedroom,167,Entire home/apt,4 reviews,"Williamsburg, Brooklyn"
Park Slope Private Bed+Livingroom!,72,Private room,47 reviews,"Park Slope, Brooklyn"
Lovely sun-lit 3-bedroom apartment,158,Entire home/apt,25 reviews,"Bedford-Stuyvesant, Brooklyn"
Charming 3bd Bedford Ave Apartment,203,Entire home/apt,59 reviews,"Williamsburg, Brooklyn"
Large 1BR right by Prospect Park,86,Entire home/apt,3 reviews,"Windsor Terrace, Brooklyn"
Rare Historic Gem in Williamsburg,80,Private room,70 reviews,"Williamsburg, Brooklyn"
Experience NYC For $26 Per Night!,24,Shared room,50 reviews,"Bedford-Stuyvesant, Brooklyn"
Charm & Beauty close to Manhattan,90,Entire home/apt,33 reviews,"Bedford-Stuyvesant, Brooklyn"
"Full bed in Bushwick, Brooklyn",59,Private room,9 reviews,"Bedford-Stuyvesant, Brooklyn"
"Sun-filled, Quiet, Eclectic apt",66,Private room,1 review,"Park Slope, Brooklyn"
Private Room in Beautiful Brooklyn,59,Private room,23 reviews,"Flatbush, Brooklyn"
Beautiful new loft in greenpoint,81,Entire home/apt,15 reviews,"Greenpoint, Brooklyn"
Bright and Quiet 2 BR in Park Slope,181,Entire home/apt,5 reviews,"Park Slope, Brooklyn"
A special home in Brooklyn,226,Entire home/apt,"Clinton Hill, Brooklyn",
Luxury Penthouse with Terrace,316,Entire home/apt,3 reviews,"Williamsburg, Brooklyn"
"Minutes from Manhattan, Big Room!",45,Private room,5 reviews,"Lefferts Garden, Brooklyn"
"Quiet, exposed brick, huge windows",72,Private room,4 reviews,"Flatbush, Brooklyn"
Dream Loft 10 Min to Manhattan,86,Private room,26 reviews,"Williamsburg, Brooklyn"
Great Apt in HEART of Williamsburg!,131,Entire home/apt,25 reviews,"Williamsburg, Brooklyn"
Beautiful Brooklyn Condo Room 1,81,Private room,1 review,"Bushwick, Brooklyn"
Large 1-Bedroom Apt - Clinton Hill,80,Entire home/apt,5 reviews,"Clinton Hill, Brooklyn"
Adorable studio in Park Slope!,122,Entire home/apt,11 reviews,"Park Slope, Brooklyn"
Tiny Cozy Room in Artist Collective,41,Private room,2 reviews,"Williamsburg, Brooklyn"
Luxury W-Burg With Private Entrance,149,Entire home/apt,37 reviews,"Williamsburg, Brooklyn"
Perfect New York Studio Apartment,90,Entire home/apt,2 reviews,"Prospect Heights, Brooklyn"
The Institute—Heart of Williamsburg,226,Entire home/apt,107 reviews,"Williamsburg, Brooklyn"
Wake up with NYC outside yr window!,54,Private room,6 reviews,"Prospect Heights, Brooklyn"
Private Master Suite in Park Slope,104,Private room,96 reviews,"Park Slope, Brooklyn"
That's the Brooklyn way,54,Entire home/apt,2 reviews,"Bedford-Stuyvesant, Brooklyn"
Mayor's Mansion - Carlton Suite,109,Private room,54 reviews,"Fort Greene, Brooklyn"
Huge bedroom in Brooklyn loft!,50,Private room,"Bushwick, Brooklyn",
Entire Apartment (~700 sq feet),118,Entire home/apt,5 reviews,"Williamsburg, Brooklyn"
"Lovely Park Slope Apt, Brooklyn",95,Private room,22 reviews,"Park Slope, Brooklyn"
"Awesome Apt by 2,3,4,5,C,B,Q train",68,Entire home/apt,54 reviews,"Crown Heights, Brooklyn"
Northside Williamsburg Brooklyn Sm,50,Private room,1 review,"Williamsburg, Brooklyn"
"Cozy Rooftop apt in Brooklyn, NY",90,Entire home/apt,33 reviews,"Clinton Hill, Brooklyn"
Bright Bklyn Brownstone - Top Floor,45,Private room,8 reviews,"Crown Heights, Brooklyn"
"The Hillary, Lovely Garden Duplex,",136,Entire home/apt,47 reviews,"Bedford-Stuyvesant, Brooklyn"
Living Room Sofa Bed in BROOKLYN,38,Shared room,44 reviews,"Bushwick, Brooklyn"
Best Neighborhood Carroll Gardens,249,Entire home/apt,39 reviews,"Carroll Gardens, Brooklyn"
Our-Big-Clean-Cozy-Chic-Unique Home,127,Entire home/apt,7 reviews,"Bushwick, Brooklyn"
Spacious Suite in Brownstone,86,Entire home/apt,8 reviews,"Bedford-Stuyvesant, Brooklyn"
"Lovely Home--Clinton Hill, Brooklyn",136,Entire home/apt,8 reviews,"Clinton Hill, Brooklyn"
Large 1BR right by Prospect Park,86,Entire home/apt,3 reviews,"Windsor Terrace, Brooklyn"
Charming Studio in Heart of Dumbo,136,Private room,6 reviews,"DUMBO, Brooklyn"
STEAL - Spacious apartment BROOKLYN,61,Entire home/apt,"Bedford-Stuyvesant, Brooklyn",
Bright Roomy Quiet Clean 3 bdr apt,90,Entire home/apt,6 reviews,"Greenpoint, Brooklyn"
2BDRM Loft Apt-10 Mins to Manhattan,90,Entire home/apt,14 reviews,"Bedford-Stuyvesant, Brooklyn"
Greenpoint small studio,68,Private room,21 reviews,"Greenpoint, Brooklyn"
"Private Rm., Huge Apt., Near L Trn",41,Private room,14 reviews,"Williamsburg, Brooklyn"
Greenpoint small studio,68,Private room,21 reviews,"Greenpoint, Brooklyn"
"Private Rm., Huge Apt., Near L Trn",41,Private room,14 reviews,"Williamsburg, Brooklyn"
$55 Per/night PRIVATE ROOM NEW YORK,50,Private room,31 reviews,"Crown Heights, Brooklyn"
Cute + Cozy: Park Slope One Bedroom,122,Entire home/apt,3 reviews,"Park Slope, Brooklyn"
Best Location Bright Apt- Bedford L,127,Entire home/apt,13 reviews,"Williamsburg, Brooklyn"
Gorgeous Williamsburg 1 Bedroom Apt,203,Entire home/apt,164 reviews,"Williamsburg, Brooklyn"
Your Own 2 Br Apt Bedford and Grand,163,Entire home/apt,78 reviews,"Williamsburg, Brooklyn"
Guestroom w/ 2 beds 20 mins to NYC,50,Private room,91 reviews,"Bushwick, Brooklyn"
"Huge quiet, cozy room",45,Private room,5 reviews,"Bedford-Stuyvesant, Brooklyn"
Private Wburg Room w/ View of City,68,Private room,16 reviews,"Williamsburg, Brooklyn"
Prospect Heights/Park Slope Beauty,136,Entire home/apt,51 reviews,"Prospect Heights, Brooklyn"
Fort Greene Retreat on the Park,77,Private room,67 reviews,"Fort Greene, Brooklyn"
"Bright,spacious Brooklyn Heights1BR",99,Entire home/apt,4 reviews,"Brooklyn Heights, Brooklyn"
WOW LOCATION COZIEST STUDIO TERRACE,116,Entire home/apt,44 reviews,"Williamsburg, Brooklyn"
PRIVATE SUITE in Williamsburg BK,72,Private room,3 reviews,"Williamsburg, Brooklyn"
Lovely Waterfront Apartment Rental,117,Entire home/apt,37 reviews,"Williamsburg, Brooklyn"
Fabulous Industrial Dumbo Loft,113,Private room,35 reviews,"DUMBO, Brooklyn"
Sunny Brand New Park Slope Studio,113,Entire home/apt,20 reviews,"Park Slope, Brooklyn"
Private Suite for Cheap,36,Private room,10 reviews,"Crown Heights, Brooklyn"
Classic Artists Loft Best Block,194,Entire home/apt,15 reviews,"Williamsburg, Brooklyn"
Converted Church in Williamsburg,181,Entire home/apt,"Williamsburg, Brooklyn",
2 STORY DUPLEX PRIME WILLIAMSBURG,90,Entire home/apt,4 reviews,"Williamsburg, Brooklyn"
Sunny 2bdrm Park Slope artist's apt,131,Entire home/apt,9 reviews,"Park Slope, Brooklyn"
Relaxed Elegance in a Brownstone,72,Private room,15 reviews,"Bedford-Stuyvesant, Brooklyn"
Bedford Ave Artist Loft,316,Entire home/apt,28 reviews,"Williamsburg, Brooklyn"
Authentic Artist Loft in Brooklyn,316,Entire home/apt,8 reviews,"Gowanus, Brooklyn"
Charming Carriage House Suite,141,Entire home/apt,179 reviews,"Williamsburg, Brooklyn"
"Quaint, beautiful studio Brooklyn",136,Entire home/apt,37 reviews,"Boerum Hill, Brooklyn"
"Private, Peaceful Garden-View Room",50,Private room,7 reviews,"Crown Heights, Brooklyn"
Fort Greene Brooklyn Studio Apt,127,Entire home/apt,2 reviews,"Fort Greene, Brooklyn"
Huge BR in W'Burg - pvt terrace,99,Private room,4 reviews,"Williamsburg, Brooklyn"
Beautiful Apt. in Prospect Heights,113,Entire home/apt,61 reviews,"Crown Heights, Brooklyn"
LOFTY Brooklyn 2BR - 10 mins to NYC,167,Entire home/apt,30 reviews,"Carroll Gardens, Brooklyn"
Cozy room in Brooklyn brownstone,59,Private room,3 reviews,"Crown Heights, Brooklyn"
Poet's Apartment,136,Entire home/apt,2 reviews,"Boerum Hill, Brooklyn"
"Small Cozy Room, Ideal Location",63,Private room,4 reviews,"Fort Greene, Brooklyn"
NYC-Brooklyn #1 18 min to Manhattan,35,Private room,72 reviews,"Bedford-Stuyvesant, Brooklyn"
Warm Rock Climbing Loft + Hammock,53,Private room,26 reviews,"Bedford-Stuyvesant, Brooklyn"
"Chill Spot w/ Roof & Yard by JMZ, L",49,Private room,21 reviews,"Bushwick, Brooklyn"
Musician & Artist Haven,59,Private room,1 review,"Bushwick, Brooklyn"
Entire amazing artist loft,99,Entire home/apt,1 review,"Bushwick, Brooklyn"
2 Bedroom apartment in Williamsburg,163,Entire home/apt,42 reviews,"Williamsburg, Brooklyn"
Floor in Fort Greene brownstone,99,Entire home/apt,7 reviews,"Fort Greene, Brooklyn"
Two Bedrooms with Private Rooftop,176,Entire home/apt,6 reviews,"Williamsburg, Brooklyn"
Bright spacious studio room William,90,Private room,4 reviews,"Williamsburg, Brooklyn"
"Room for Rent in Brooklyn, NY",26,Private room,"Williamsburg, Brooklyn",
New Luxury 2-Bed Apt In Brooklyn!,90,Entire home/apt,15 reviews,"Sunset Park, Brooklyn"
Apartment in Heart of Greenpoint,59,Private room,4 reviews,"Greenpoint, Brooklyn"
Brownstone Home - BEST BKLYN BLOCK!,203,Entire home/apt,23 reviews,"Boerum Hill, Brooklyn"
Open Design Williamsburg Loft,252,Entire home/apt,52 reviews,"Williamsburg, Brooklyn"
Loft in Williamsburg Area w/ Roof,41,Private room,111 reviews,"Williamsburg, Brooklyn"
CHARMING APARTMENT NEAR A/J TRAINS,44,Private room,32 reviews,"East New York, Jamaica"
BIG & Sunny Private Top Floor 1 BR,80,Entire home/apt,4 reviews,"Prospect Heights, Brooklyn"
Master Bedroom in Hip Williamsburg,59,Private room,3 reviews,"Williamsburg, Brooklyn"
Brownstone Brooklyn roomy bed/bath,109,Private room,95 reviews,"Boerum Hill, Brooklyn"
Small room in lovely shared house,43,Private room,38 reviews,"Greenpoint, Brooklyn"
"Heart of Ft. Greene, Brooklyn",81,Entire home/apt,5 reviews,"Fort Greene, Brooklyn"
Charming 1 BR right next to Bedford,72,Private room,3 reviews,"Williamsburg, Brooklyn"
Private room in a brownstone,54,Private room,18 reviews,"Bedford-Stuyvesant, Brooklyn"
Mellow Greenpoint Pad,99,Entire home/apt,3 reviews,"Greenpoint, Brooklyn"
Prime Fort Greene Charmer!,181,Entire home/apt,22 reviews,"Fort Greene, Brooklyn"
Brooklyn Prospect Park Cozy Single,81,Private room,95 reviews,"Prospect Heights, Brooklyn"
Sunny Bedroom in Williamsburg,72,Private room,3 reviews,"Williamsburg, Brooklyn"
1901 charming townhouse,199,Entire home/apt,5 reviews,"Kensington, Brooklyn"
Private Room Overlooking Garden,48,Private room,1 review,"Bushwick, Brooklyn"
Room with Balcony on Lorimer,54,Private room,1 review,"Williamsburg, Brooklyn"
Stunning Greenpoint Penthouse,90,Private room,15 reviews,"Greenpoint, Brooklyn"
POST CARD VIEWS of Park and Skyline,146,Entire home/apt,52 reviews,"Williamsburg, Brooklyn"
Greenpoint small studio,68,Private room,21 reviews,"Greenpoint, Brooklyn"
D Bright Luxury Room in Wberg Loft,90,Private room,21 reviews,"Williamsburg, Brooklyn"
Greenpoint Private Bright Bedroom,62,Private room,32 reviews,"Greenpoint, Brooklyn"
Oversized Bright FullyFurnished 1BR,54,Entire home/apt,20 reviews,"Bay Ridge, Brooklyn"
Huge Sunny Rm. Heart of Park Slope!,76,Private room,2 reviews,"Park Slope, Brooklyn"
Spacious Guest Room in Brownstone,59,Private room,6 reviews,"Crown Heights, Brooklyn"
"Steps From Art, Shopping & Eats",136,Entire home/apt,11 reviews,"Prospect Heights, Brooklyn"
Large 2 Story Loft- Bedford Ave,181,Entire home/apt,17 reviews,"Williamsburg, Brooklyn"
"Sunny Private Bedroom, Brooklyn NYC",63,Private room,3 reviews,"Bushwick, Brooklyn"
Calm and Cozy in Brooklyn,32,Private room,6 reviews,"Bedford-Stuyvesant, Brooklyn"
Historic River Storefront w/Garden,158,Entire home/apt,88 reviews,"Greenpoint, Brooklyn"
Photographer LOFT w/ Manhattan VIEW,104,Entire home/apt,47 reviews,"Brooklyn Navy Yard, Brooklyn"
LOFTY Brooklyn 2BR - 10 mins to NYC,167,Entire home/apt,30 reviews,"Carroll Gardens, Brooklyn"
Comfy space for Artists & creatives,35,Shared room,31 reviews,"Bedford-Stuyvesant, Brooklyn"
"Quiet, roomy, near all fun stuff!",113,Entire home/apt,15 reviews,"Williamsburg, Brooklyn"
Bright Private Large Rm Greenpoint,81,Private room,6 reviews,"Greenpoint, Brooklyn"
Private room off L train,59,Private room,4 reviews,"Williamsburg, Brooklyn"
Quirky Duplex - Historic Park Slope,68,Private room,41 reviews,"Park Slope, Brooklyn"
Luxury Rental In Downtown Brooklyn,176,Entire home/apt,30 reviews,"Downtown Brooklyn, Brooklyn"
City Skyline Views by Bedford Ave,136,Entire home/apt,14 reviews,"Williamsburg, Brooklyn"
Huge Gorgeous Artists Loft (Studio),122,Shared room,6 reviews,"Williamsburg, Brooklyn"
Mayor's Mansion - Garden Suite,113,Private room,55 reviews,"Fort Greene, Brooklyn"
Sunny Central Williamsburg Apt,127,Entire home/apt,10 reviews,"Williamsburg, Brooklyn"
Park Slope Brooklyn!  Sunny Bedroom,104,Private room,113 reviews,"Park Slope, Brooklyn"
Fun Comfy & Cozy apt Near Subway,170,Entire home/apt,14 reviews,"Williamsburg, Brooklyn"
Loft Studio in Brooklyn Brownstone,117,Entire home/apt,40 reviews,"Clinton Hill, Brooklyn"
Lovely Carroll Gardens Apartment,136,Entire home/apt,34 reviews,"Carroll Gardens, Brooklyn"
Modern Cozy Brownstone Apartment,90,Private room,43 reviews,"Williamsburg, Brooklyn"
Sunny private room in artists loft,75,Private room,22 reviews,"Bedford-Stuyvesant, Brooklyn"
Private Bedroom & Bathroom W/ Yard,59,Private room,32 reviews,"Bushwick, Brooklyn"
A Spacious Room in a Brooklyn House,68,Private room,15 reviews,"Lefferts Garden, Brooklyn"
Charming Garden Room with Queen Bed,54,Private room,19 reviews,"Bushwick, Brooklyn"
Beautiful Private Room by the park,61,Private room,10 reviews,"Williamsburg, Brooklyn"
Lovely Guestroom in Brownstone,59,Private room,9 reviews,"Crown Heights, Brooklyn"
Cozy room in nyc!,44,Private room,156 reviews,"Crown Heights, Brooklyn"
Park Slope livingroom/bedroom/bath,122,Private room,55 reviews,"Park Slope, Brooklyn"
Skylight BR in Gorgeous Rooftop Apt,80,Private room,83 reviews,"Bushwick, Brooklyn"
"Cozy, Cute and Convenient Nook!",59,Private room,46 reviews,"Boerum Hill, Brooklyn"
Best View of Mnhtn in Crown Heights,77,Private room,7 reviews,"Crown Heights, Brooklyn"
1 BR APT CLOSE TO PARK AND SUBWAY,90,Entire home/apt,2 reviews,"Flatbush, Brooklyn"
Spacious E Williamsburg Artist Loft,181,Entire home/apt,21 reviews,"Williamsburg, Brooklyn"
"Sunny, Spacious 1BR in BoCoCa",163,Entire home/apt,2 reviews,"Boerum Hill, Brooklyn"
Awesome in Brooklyn Heights heart,109,Private room,12 reviews,"Brooklyn Heights, Brooklyn"
"bright, sunny room in new building",63,Private room,12 reviews,"Red Hook, Brooklyn"
Beautiful Loft !,50,Private room,"Red Hook, Brooklyn",
Musican Room available,81,Private room,3 reviews,"Williamsburg, Brooklyn"
"1 br Williamsburg Brooklyn Condo,",90,Entire home/apt,2 reviews,"Williamsburg, Brooklyn"
Modern One bedroom in Williamsburg,235,Entire home/apt,10 reviews,"Greenpoint, Brooklyn"
Sunny Suite Sleeps Up To Six,136,Entire home/apt,7 reviews,"Flatbush, Brooklyn"
Big BR in W'Burg - pvt terrace/view,90,Private room,31 reviews,"Williamsburg, Brooklyn"
Historic Fort Greene & Clinton Hill,117,Entire home/apt,29 reviews,"Clinton Hill, Brooklyn"
Park Slope Brooklyn!  Sunny Bedroom,104,Private room,113 reviews,"Park Slope, Brooklyn"
Safe & Sunny 1bdrm -1blk to subway!,113,Entire home/apt,6 reviews,"Crown Heights, Brooklyn"
PRIVATE BATHROOM! PRIME LOCATION,72,Private room,14 reviews,"Williamsburg, Brooklyn"
Sunny Bushwick Artist Loft,41,Private room,7 reviews,"Bushwick, Brooklyn"
"1899 BK Mansion, 15min to Manhattan",47,Private room,11 reviews,"Bushwick, Brooklyn"
The Brooklyn Life - Garden Suite,113,Entire home/apt,7 reviews,"Bedford-Stuyvesant, Brooklyn"
Sunny Corner Bushwick Room!,54,Private room,2 reviews,"Bedford-Stuyvesant, Brooklyn"
2Bed Bright/Clean Williamsburg Apt!,131,Entire home/apt,14 reviews,"Williamsburg, Brooklyn"
Bargain Room #3 - Special Low Price,44,Private room,14 reviews,"Bushwick, Brooklyn"
Beds Bikes Breakfast (on The Park!),50,Private room,35 reviews,"Flatbush, Brooklyn"
BKLYN BROWNSTONE: The Stuyvesant,99,Entire home/apt,12 reviews,"Bedford-Stuyvesant, Brooklyn"
"HUGE bdr, LOFT BEDFORD - 5MN Manhat",32,Private room,1 review,"Williamsburg, Brooklyn"
"Cozy, Quiet Room",54,Private room,4 reviews,"Williamsburg, Brooklyn"
Brooklyn Prospect Park Cozy Single,81,Private room,95 reviews,"Prospect Heights, Brooklyn"
"Your Haven Awaits At ""Emma's Place""",122,Entire home/apt,29 reviews,"Bedford-Stuyvesant, Brooklyn"
Experience NYC For $26 Per Night!,24,Shared room,61 reviews,"Bedford-Stuyvesant, Brooklyn"
New 1BR + 1BA with Private Entrance,80,Private room,22 reviews,"Bedford-Stuyvesant, Brooklyn"
Ditmas Park Carriage House Loft,226,Entire home/apt,9 reviews,"Flatbush, Brooklyn"
The Black and White Loft,61,Private room,4 reviews,"Williamsburg, Brooklyn"
Only 1 minute-walk to Park & Metro!,56,Private room,29 reviews,"Lefferts Garden, Brooklyn"
"Sunny, cozy private room, Bushwick.",41,Private room,1 review,"Bushwick, Brooklyn"
Chic private apartment in townhouse,144,Entire home/apt,101 reviews,"Clinton Hill, Brooklyn"
Sunny Spacious Room - Park Slope,59,Private room,4 reviews,"Gowanus, Brooklyn"
Steps to Subway! Super Convienient!,36,Private room,9 reviews,"Flatbush, Brooklyn"
1BR in Prime Williamsburg - Bedford,180,Entire home/apt,13 reviews,"Williamsburg, Brooklyn"
Private Bdrm in Shared 2 Bdrm Apt,90,Private room,1 review,"Boerum Hill, Brooklyn"
Lovely private studio apartment!,54,Entire home/apt,9 reviews,"Boerum Hill, Brooklyn"
Best Studio on Prospect Park,68,Entire home/apt,78 reviews,"Lefferts Garden, Brooklyn"
CUTE WILLIAMSBURG! 1 STOP TO NYC!,62,Private room,4 reviews,"Williamsburg, Brooklyn"
Beautiful & Cozy on Bedford Ave!,59,Private room,15 reviews,"Williamsburg, Brooklyn"
Spacious and Light Brooklyn Loft,199,Entire home/apt,7 reviews,"Williamsburg, Brooklyn"
GIANT LOFT - HEART of WILLIAMSBURG!,113,Private room,20 reviews,"Williamsburg, Brooklyn"
"Whole apt. in Williamsburg, Bklyn",163,Entire home/apt,9 reviews,"Williamsburg, Brooklyn"
LOCATION! & garden window (*for 1*),45,Private room,32 reviews,"Prospect Heights, Brooklyn"
Williamsburg penthouse w/ balcony,77,Private room,4 reviews,"Williamsburg, Brooklyn"
Organic Modern Williamsburg loft,271,Entire home/apt,4 reviews,"Williamsburg, Brooklyn"
Brooklyn Artist's Loft with Gym,63,Entire home/apt,"Bedford-Stuyvesant, Brooklyn",
Sale! 10% off New Williamsburg Apt.,68,Private room,1 review,"Williamsburg, Brooklyn"
Private 1 bd in Sunny Red Hook Loft,86,Private room,49 reviews,"Red Hook, Brooklyn"
Breathtaking views in Williamsburg,113,Entire home/apt,3 reviews,"Williamsburg, Brooklyn"
Sunny Brownstone 2 Bdr Apartment,126,Entire home/apt,17 reviews,"Bedford-Stuyvesant, Brooklyn"
Welcome to the (Greenpoint) Jungle!,63,Private room,9 reviews,"Greenpoint, Brooklyn"
Private Williamsburg Duplex Loft,176,Entire home/apt,1 review,"Williamsburg, Brooklyn"
Entire 3BR Lux Apt 20min>Manhattan,80,Entire home/apt,15 reviews,"Bedford-Stuyvesant, Brooklyn"
Waterfront Views of Manhattan,140,Entire home/apt,56 reviews,"Columbia Street Waterfront, Brooklyn"
cozy brooklyn nest in Park Slope!,136,Entire home/apt,25 reviews,"Park Slope, Brooklyn"
Greenpoint artist loft space,74,Private room,2 reviews,"Greenpoint, Brooklyn"
Williamsburg Penthouse Guestroom,68,Private room,11 reviews,"Williamsburg, Brooklyn"
Cozy Room in Heart of Williamsburg,72,Private room,7 reviews,"Williamsburg, Brooklyn"
Great room in homey apartment,43,Private room,2 reviews,"Bedford-Stuyvesant, Brooklyn"
"Sunny, well-appointed Brooklyn room",35,Private room,30 reviews,"Bedford-Stuyvesant, Brooklyn"
"Cozy 1BR apart. in Prospect Hts, BK",113,Entire home/apt,6 reviews,"Prospect Heights, Brooklyn"
Boutique Penthouse Terrace/Parking,153,Private room,1 review,"Williamsburg, Brooklyn"
Luxury Loft Private Room B (3C),90,Private room,15 reviews,"Williamsburg, Brooklyn"
Stylish Arty Brooklyn Appartment #4,158,Entire home/apt,14 reviews,"Boerum Hill, Brooklyn"
Cozy Room in the heart Williamsburg,90,Private room,45 reviews,"Williamsburg, Brooklyn"
Garden Suite in Fort Greene,81,Entire home/apt,77 reviews,"Fort Greene, Brooklyn"
Quiet>Sunny>Views>Gym>Williamsburg,113,Entire home/apt,13 reviews,"Williamsburg, Brooklyn"
Private Room in heart of Bushwick,58,Private room,3 reviews,"Bushwick, Brooklyn"
C King Bed Awesome Luxury Apt,90,Private room,24 reviews,"Williamsburg, Brooklyn"
Designers'  1.5BR: It's The One!,109,Entire home/apt,2 reviews,"Greenpoint, Brooklyn"
"Fresh, Clean Brooklyn Garden Apt.",136,Entire home/apt,70 reviews,"Clinton Hill, Brooklyn"
"Rancho Deluxe, Williamsburg!",181,Entire home/apt,40 reviews,"Williamsburg, Brooklyn"
Cozy Williamsburg Apt. w/ Terrace..,122,Entire home/apt,23 reviews,"Williamsburg, Brooklyn"
Cozy BR in Wiliamsburg 2 Bedroom,68,Private room,68 reviews,"Williamsburg, Brooklyn"
Beautiful Bright Williamsburg Apt.,153,Entire home/apt,1 review,"Williamsburg, Brooklyn"
1 large bedroom w/private bath,68,Private room,45 reviews,"Clinton Hill, Brooklyn"
Brooklyn Home Base,136,Entire home/apt,16 reviews,"Bedford-Stuyvesant, Brooklyn"
Bright Roomy Quiet Clean 3 bdr apt,90,Entire home/apt,6 reviews,"Greenpoint, Brooklyn"
East Williamsburg Artist Loft,45,Private room,23 reviews,"Williamsburg, Brooklyn"
"Large Purple Room for 2/3, $1450/mo",86,Private room,21 reviews,"Bedford-Stuyvesant, Brooklyn"
"Brooklyn, A Big Bedroom, Good Vibes",52,Private room,10 reviews,"Crown Heights, Brooklyn"
Private room with separate entrance,63,Private room,6 reviews,"Greenpoint, Brooklyn"
Stay in Bushwick Brooklyn,49,Private room,8 reviews,"Bushwick, Brooklyn"
COMFY ROOM #3 ~ AMAZING LOCATION!,99,Private room,73 reviews,"Williamsburg, Brooklyn"
Cozy & Lovely Private Floor - Loft,81,Private room,"Williamsburg, Brooklyn",
Bedroom in Large Brooklyn Apartment,45,Private room,1 review,"Bedford-Stuyvesant, Brooklyn"
Settle in to this Private Room,77,Private room,7 reviews,"Bedford-Stuyvesant, Brooklyn"
Ideal Brooklyn Brownstone Apartment,149,Entire home/apt,63 reviews,"Bedford-Stuyvesant, Brooklyn"
Room with En Suite Bathroom & Deck,77,Private room,214 reviews,"Clinton Hill, Brooklyn"
the perfect stay in brooklyn,68,Entire home/apt,56 reviews,"Bedford-Stuyvesant, Brooklyn"
"Huge room, private and simplistic.",99,Private room,54 reviews,"Williamsburg, Brooklyn"
Unforgettable stay in NYC. Book now,54,Private room,10 reviews,"East Flatbush, Brooklyn"
BUDGET RM+ 1/2BATH-15 MIN MANHATTAN,58,Private room,6 reviews,"Bushwick, Brooklyn"
Room in beautiful friendly house,50,Private room,12 reviews,"Bushwick, Brooklyn"
Elegant 1872 Boerum Hill Brownstone,240,Entire home/apt,1 review,"Boerum Hill, Brooklyn"
Bright Bklyn Brownstone - Top Floor,45,Private room,8 reviews,"Crown Heights, Brooklyn"
"Private Room, Rooftop Vibes",68,Private room,9 reviews,"Williamsburg, Brooklyn"
Modern loft with a view to die for!,167,Entire home/apt,3 reviews,"Williamsburg, Brooklyn"
Studio in BEST location in W'burg,181,Entire home/apt,1 review,"Williamsburg, Brooklyn"
"Gorgeous, bright and spacious!",172,Entire home/apt,14 reviews,"Brooklyn Heights, Brooklyn"
"Clean, Sunny Apt on Prospect Park",90,Entire home/apt,3 reviews,"Lefferts Garden, Brooklyn"
Northside Williamsburg Brooklyn,70,Private room,1 review,"Williamsburg, Brooklyn"
1BR Modern New Apt in Brooklyn,96,Entire home/apt,3 reviews,"Crown Heights, Brooklyn"
Private Room in New York!,45,Private room,4 reviews,"Sunset Park, Brooklyn"
Modern Apartment - Private Bed/Bath,126,Private room,6 reviews,"Williamsburg, Brooklyn"
"Clean, Quiet Greenpoint Railroad",50,Private room,4 reviews,"Greenpoint, Brooklyn"
Private Bedroom in Williamsburg,89,Private room,27 reviews,"Williamsburg, Brooklyn"
Cozy Room on Prospect Park!,41,Private room,57 reviews,"Flatbush, Brooklyn"
"Cheap, cozy & spacious room in NYC",50,Private room,2 reviews,"Bensonhurst, Brooklyn"
A Spacious Room in a Brooklyn House,68,Private room,15 reviews,"Lefferts Garden, Brooklyn"
Prvt Garden Flat 15mins/Manhattan,86,Entire home/apt,34 reviews,"Bedford-Stuyvesant, New York"
"Quiet, sunny Williamsburg apartment",90,Entire home/apt,17 reviews,"Williamsburg, Brooklyn"
Modern Apartment - Private Bed/Bath,126,Private room,6 reviews,"Williamsburg, Brooklyn"
"Modern, spacious Brkln brownstone",258,Entire home/apt,4 reviews,"Prospect Heights, Brooklyn"
Full Floor Apt w/ NY Skyline Views,99,Private room,17 reviews,"Williamsburg, Brooklyn"
Sunny 1 Bedroom in Bedstuy,90,Entire home/apt,5 reviews,"Bedford-Stuyvesant, Brooklyn"
Williamsburg Haven,63,Private room,1 review,"Williamsburg, Brooklyn"
Williamsburg Bedford Ave PRIME,59,Private room,"Williamsburg, Brooklyn",
Bright Spacious Industrial Loft,113,Entire home/apt,55 reviews,"Williamsburg, Brooklyn"
Private Room in Classic Loft,68,Private room,81 reviews,"Greenpoint, Brooklyn"
Private Bedroom with private bath#1,54,Private room,13 reviews,"Bushwick, Brooklyn"
NYC Bright Room Vintage Artist Home,45,Private room,9 reviews,"Bushwick, Brooklyn"
Homey Townhouse + PRIVATE Bathroom,109,Private room,103 reviews,"Boerum Hill, Brooklyn"
Beautiful Park Slope Studio,109,Entire home/apt,1 review,"Park Slope, Brooklyn"
BIG ROOM 2- 15 MINUTES TO MANHATTAN,68,Private room,23 reviews,"Bushwick, Brooklyn"
Glowing Respite in Park Slope,72,Private room,18 reviews,"Park Slope, Brooklyn"
Cute and Cozy Ft. Greene Love Nest,158,Entire home/apt,12 reviews,"Fort Greene, Brooklyn"
Charming 3bdrm Loft~Bed & Bagel!,176,Entire home/apt,38 reviews,"Bushwick, Brooklyn"
Sunny one bedroom loft apartment,135,Entire home/apt,9 reviews,"Williamsburg, Brooklyn"
Amazing High Floor Luxury Apartment,181,Entire home/apt,4 reviews,"Downtown Brooklyn, Brooklyn"
Prospect Heights Studio Apartment,90,Entire home/apt,4 reviews,"Prospect Heights, Brooklyn"
Williamsburg Garden Apartment,176,Entire home/apt,19 reviews,"Williamsburg, Brooklyn"
The Geometric Loft,45,Private room,1 review,"Williamsburg, Brooklyn"
NYC artists’ loft with roof deck,45,Private room,57 reviews,"Greenpoint, Brooklyn"
Park Slope Green Guest House,122,Entire home/apt,220 reviews,"Park Slope, Brooklyn"
Lovely private studio apartment!,54,Entire home/apt,9 reviews,"Boerum Hill, Brooklyn"
"POSH, ARTSY & COZY BROWNSTONE FLAT",89,Entire home/apt,31 reviews,"Lefferts Garden, Brooklyn"
Modern Brooklyn Studio,136,Entire home/apt,5 reviews,"Downtown Brooklyn, Brooklyn"
Fort Greene Brooklyn Studio Apt,127,Entire home/apt,2 reviews,"Fort Greene, Brooklyn"
Cozy 2 BR in Williamsburg,113,Entire home/apt,41 reviews,"Williamsburg, Brooklyn"
CHEAP BIG room in Williamsburg,45,Private room,31 reviews,"Williamsburg, Williamsburg Brooklyn"
Bookcase Room with Hidden Door!,45,Private room,9 reviews,"Bushwick, Brooklyn"
Comfy space for Artists & creatives,35,Shared room,31 reviews,"Bedford-Stuyvesant, Brooklyn"
Pk Slope-Sunny quiet homelike suite,118,Entire home/apt,49 reviews,"Park Slope, Brooklyn"
1) Cozy Private Room exposed Brick!,49,Private room,17 reviews,"Bushwick, Brooklyn"
Bushwick Loft March sale,99,Entire home/apt,18 reviews,"Bushwick, Brooklyn"
New Listing!  Price reduced.  :),36,Private room,"Williamsburg, Brooklyn",
CHEAP BIG room in Williamsburg,45,Private room,31 reviews,"Williamsburg, Williamsburg Brooklyn"
Bushwick Creative Den of Bliss,90,Private room,40 reviews,"Bushwick, Brooklyn"
Private Room for up to 3 (or 5),45,Private room,45 reviews,"Sunset Park, Brooklyn"
Brand New Modern Apt By Park & Sbwy,114,Entire home/apt,12 reviews,"Flatbush, Brooklyn"
"Lovely Home--Clinton Hill, Brooklyn",136,Entire home/apt,8 reviews,"Clinton Hill, Brooklyn"
Clean & Convenient in Brooklyn,45,Private room,9 reviews,"Clinton Hill, Brooklyn"
Large Brand New Park Slope 1BR,118,Entire home/apt,37 reviews,"Gowanus, Brooklyn"
Spacious room in pretty apt w deck,50,Private room,3 reviews,"Kensington, Brooklyn"
Room 4 subway stops from Manhattan,54,Private room,45 reviews,"Lefferts Garden, Brooklyn"
Hinds Residential Suites Room 1-1,32,Private room,14 reviews,"Bedford-Stuyvesant, Brooklyn"
The Williamsburg Special,55,Private room,33 reviews,"Williamsburg, Brooklyn"
"Large, Luxury Bedroom nr JMZ subway",53,Private room,1 review,"Bedford-Stuyvesant, Brooklyn"
A cozy place in Brooklyn!,59,Private room,14 reviews,"Kensington, Brooklyn"
"Dreamy room, eclectic Bushwick apt",32,Private room,14 reviews,"Bushwick, Brooklyn"
Sunny 1 Bedroom in Bedstuy,90,Entire home/apt,5 reviews,"Bedford-Stuyvesant, Brooklyn"
"Fort Greene, Brooklyn 1 Bedroom Apt",152,Entire home/apt,19 reviews,"Fort Greene, Brooklyn"
"1 BR in sunny Ft. Greene, Brooklyn",71,Private room,102 reviews,"Fort Greene, Brooklyn"
2 Bed/2 Bath in Williamsburg w/View,294,Entire home/apt,2 reviews,"Williamsburg, Brooklyn"
Amazing location! 10ft from subway,54,Private room,56 reviews,"Williamsburg, Brooklyn"
RADS Studio 1 - Brooklyn Beauty,81,Entire home/apt,4 reviews,"Crown Heights, Brooklyn"
Large Sunny Rm-6th Fl View/Elevator,68,Private room,31 reviews,"Kensington, Brooklyn"
"Bright, Airy Williamsburg Apt",113,Entire home/apt,11 reviews,"Williamsburg, Brooklyn"
Great spot right on Bedford Ave!,54,Private room,19 reviews,"Williamsburg, Brooklyn"
Private 1 Bdrm Suite in Brownstone,136,Private room,2 reviews,"Brooklyn Heights, Brooklyn"
Best Location: Every Subway Here!,62,Private room,57 reviews,"Park Slope, Brooklyn"
Best Neighborhood Carroll Gardens,249,Entire home/apt,39 reviews,"Carroll Gardens, Brooklyn"
Amazing Williamsburg entire Loft,222,Entire home/apt,13 reviews,"Williamsburg, Brooklyn"
Cozy room in a Spacious Duplex,59,Private room,7 reviews,"Bushwick, Brooklyn"
Hip/Trendy Brooklyn Loft Apartment.,36,Private room,9 reviews,"Bedford-Stuyvesant, Brooklyn"
"Beautiful, Modern 2BR, Park Slope",127,Entire home/apt,17 reviews,"Park Slope, Brooklyn"
Stunning artist loft 1 stop to Manh,104,Entire home/apt,2 reviews,"Williamsburg, Brooklyn"
Lovely Bklyn Heights brownstone 1BR,122,Entire home/apt,17 reviews,"Brooklyn Heights, Brooklyn"
"Sunny BR, 1 bike, Prospect Park!",36,Private room,58 reviews,"Flatbush, Brooklyn"
Sunny Loft in Brooklyn by River,249,Entire home/apt,4 reviews,"Williamsburg, Brooklyn"
Stylish Arty Brooklyn Appartment #4,158,Entire home/apt,14 reviews,"Boerum Hill, Brooklyn"
3br in Neo-French Reniassance Home,157,Entire home/apt,19 reviews,"Lefferts Garden, Brooklyn"
Private BR/Bathroom & Garden!!!!!!!,54,Private room,57 reviews,"Bushwick, Brooklyn"
Sunny Williamsburg Brooklyn Bedroom,35,Private room,7 reviews,"Williamsburg, Brooklyn"
"Sunny,quiet Williamsburg loft",131,Entire home/apt,60 reviews,"Williamsburg, Brooklyn"
1BR Modern New Apt in Brooklyn,96,Entire home/apt,3 reviews,"Crown Heights, Brooklyn"
Private Room in Victorian House,68,Private room,22 reviews,"Flatbush, Brooklyn"
Big master suite in Park Slope loft,72,Private room,7 reviews,"Greenwood Heights, Brooklyn"
Pretty and Private in Clinton Hill,90,Private room,6 reviews,"Clinton Hill, Brooklyn"
Studio 40 @ Clinton Hill,86,Entire home/apt,2 reviews,"Clinton Hill, Brooklyn"
Nice room Convenient to Manhattan A,50,Private room,26 reviews,"Sunset Park, Brooklyn"
Sunny Victorian Brownstone Apt.,136,Entire home/apt,17 reviews,"Park Slope, Brooklyn"
Pvt Room w/ Balcony& Great Sunlight,59,Private room,44 reviews,"Williamsburg, Brooklyn"
Artist Loft - King Bed w/Chandelier,53,Private room,14 reviews,"Brooklyn Navy Yard, Brooklyn"
"Brooklyn Brownstone, Private Room",77,Private room,77 reviews,"Prospect Heights, Brooklyn"
Great Loft - Private Room & Bath,99,Private room,66 reviews,"Windsor Terrace, Brooklyn"
Spacious Private Bedroom & Living,90,Private room,167 reviews,"Park Slope, Brooklyn"
East Williamsburg Room,41,Private room,5 reviews,"Williamsburg, Brooklyn"
"Luxury penthouse, Manhattan views",225,Entire home/apt,12 reviews,"Williamsburg, Brooklyn"
HEART OF THE HEIGHTS - GORGEOUS 1BR,217,Entire home/apt,34 reviews,"Brooklyn Heights, Brooklyn"
Cozy Bed-Stuy Brownstone Loft,53,Entire home/apt,24 reviews,"Bedford-Stuyvesant, Brooklyn"
Comforts in Bushwick Brooklyn,63,Private room,47 reviews,"Bushwick, Brooklyn"
Private bedroom/bathroom/balcony,68,Private room,11 reviews,"Crown Heights, Brooklyn"
Amazing view from my both 2BR in NY,109,Private room,"Williamsburg, Brooklyn",
Williamsburg Exposed Brick Loft,145,Entire home/apt,6 reviews,"Williamsburg, Brooklyn"
Historic Fort Greene-Deco on Greene,167,Entire home/apt,12 reviews,"Fort Greene, Brooklyn"
A cozy place in Brooklyn!,59,Private room,14 reviews,"Kensington, Brooklyn"
Cozy Place in Park Slope,77,Private room,18 reviews,"Park Slope, Brooklyn"
1 Bdrm Apt- Brooklyn Heights,77,Entire home/apt,10 reviews,"Brooklyn Heights, Brooklyn"
City Skyline Views by Bedford Ave,136,Entire home/apt,14 reviews,"Williamsburg, Brooklyn"
Best Neighborhood Carroll Gardens,249,Entire home/apt,39 reviews,"Carroll Gardens, Brooklyn"
Sun-filled gem in Carroll Gardens1,98,Private room,7 reviews,"Cobble Hill, Brooklyn"
"Sunny,quiet Williamsburg loft",131,Entire home/apt,60 reviews,"Williamsburg, Brooklyn"
Charming Brooklyn 1-BD on main drag,63,Entire home/apt,3 reviews,"Crown Heights, Brooklyn"
Brownstone Writer's Room,45,Private room,8 reviews,"Bedford-Stuyvesant, Brooklyn"
Chic 1 bd apt in Prime Williamsburg,136,Entire home/apt,9 reviews,"Williamsburg, Brooklyn"
"Sunny, Large, Park Slope Bedroom",95,Private room,79 reviews,"Park Slope, Brooklyn"
Prospect Heights Views & Vanderbilt,190,Entire home/apt,13 reviews,"Prospect Heights, Brooklyn"
Prospect Park West Penthouse Apt,149,Entire home/apt,92 reviews,"Park Slope, Brooklyn"
Loft like apartment in Greenpoint,90,Entire home/apt,3 reviews,"Greenpoint, Brooklyn"
"Clean, Spacious PRIVATE ROOM & BATH",86,Private room,5 reviews,"Williamsburg, Brooklyn"
Spacious Sunny Studio Ditmas Park,85,Entire home/apt,"Flatbush, Brooklyn",
Brooklyn Escape,72,Private room,1 review,"Park Slope, Brooklyn"
Garden Apartment in Townhouse,131,Entire home/apt,12 reviews,"Clinton Hill, Brooklyn"
Beautiful 3 bedroom apartment!!,89,Entire home/apt,50 reviews,"Crown Heights, Brooklyn"
The Stanhope: Twin Room,44,Private room,34 reviews,"Bushwick, Brooklyn"
Sunny room in W'burg Penthouse Apt,62,Private room,3 reviews,"Williamsburg, Brooklyn"
Sunny private room in Clinton Hill,45,Private room,"Clinton Hill, Brooklyn",
Room B in 3BR Flat - Williamsburg,72,Private room,4 reviews,"Williamsburg, Brooklyn"
Beautiful large Fort Greene Studio,104,Entire home/apt,21 reviews,"Fort Greene, Brooklyn"
APT NEAR PARK 15 MIN TO MANHATTAN,127,Entire home/apt,22 reviews,"Lefferts Garden, Brooklyn"
Private Skylight Room in BK Duplex,90,Private room,8 reviews,"Williamsburg, Brooklyn"
Great spot in Williamsburg!,113,Entire home/apt,"Williamsburg, Brooklyn",
Inspiring spacious loft space,109,Private room,12 reviews,"Williamsburg, Brooklyn"
PRIVATE BATHROOM! PRIME LOCATION,72,Private room,14 reviews,"Williamsburg, Brooklyn"
***Huge Room in Bright Open Loft***,99,Private room,31 reviews,"Williamsburg, Brooklyn"
COZY PRIVATE ROOM,59,Private room,24 reviews,"Bedford-Stuyvesant, Brooklyn"
Brightly Lit 2 BD Prospect Park,68,Entire home/apt,1 review,"Crown Heights, Brooklyn"
1 min to subway 20mins to Manhattan,29,Private room,"Kensington, Brooklyn",
"Easy going, clean and close to city",59,Private room,27 reviews,"Bedford-Stuyvesant, Brooklyn"
Brooklyn Bedroom 8 Min From City,39,Private room,9 reviews,"Williamsburg, Brooklyn"
HUGE ROOM - BROOKLYN close to train,35,Private room,17 reviews,"Bedford-Stuyvesant, Brooklyn"
Bedford Stuyvesant Urban Hang Suite,136,Entire home/apt,53 reviews,"Bedford-Stuyvesant, Brooklyn"
Room in nice apartment,72,Private room,2 reviews,"Williamsburg, Brooklyn"
Williamsburg Spacious Studio,135,Entire home/apt,8 reviews,"Williamsburg, Brooklyn"
Private room in friendly Brownstone,38,Private room,12 reviews,"Bushwick, Brooklyn"
█ █ CENTRAL WILLIAMSBURG PAD TOP LH,71,Private room,5 reviews,"Williamsburg, Brooklyn"
Nice room next to Prospect Park!,53,Private room,48 reviews,"Lefferts Garden, New York"
Park Slope Paradise: Room + Patio,72,Private room,"Park Slope, Brooklyn",
Cute Williamsburg Room w/ LOFT BED,62,Private room,19 reviews,"Williamsburg, Brooklyn"
POST CARD VIEWS of Park and Skyline,146,Entire home/apt,52 reviews,"Williamsburg, Brooklyn"
Lively loft II!,53,Private room,26 reviews,"Williamsburg, Brooklyn"
A Cozy Studio in Clinton Hill,90,Entire home/apt,2 reviews,"Clinton Hill, Brooklyn"
HOTEL STYLE l Modern LUX -1 Bedroom,163,Entire home/apt,3 reviews,"Downtown Brooklyn, Brooklyn"
Bedroom in Williamsburg Apartment,72,Private room,"Williamsburg, Brooklyn",
1 Bedroom Apartment Lefferts Garden,90,Entire home/apt,2 reviews,"Lefferts Garden, Brooklyn"
Cute lil room in a charming bk apt,77,Private room,11 reviews,"Williamsburg, Brooklyn"
Kate's Place,45,Private room,25 reviews,"Crown Heights, Brooklyn"
Beautiful Large Williamsburg Studio,122,Entire home/apt,3 reviews,"Williamsburg, Brooklyn"
Cheap Budget Private Room #1,50,Private room,9 reviews,"Bushwick, Brooklyn"
The best townhouse in Williamsburg,267,Entire home/apt,5 reviews,"Williamsburg, Brooklyn"
9 B Private Room in Lux Loft,90,Private room,11 reviews,"Williamsburg, Brooklyn"
Charming one bedroom in Brownstone,68,Private room,3 reviews,"Bedford-Stuyvesant, Brooklyn"
Cozy apartment with Wi-Fi $$,104,Entire home/apt,21 reviews,"Bay Ridge, Brooklyn"
It's all about Bushwick BROOKLYN,90,Entire home/apt,68 reviews,"Bushwick, Brooklyn"
"Beautiful room - Bushwick, Brooklyn",81,Private room,5 reviews,"Bushwick, Brooklyn"
Red Hook Classic Townhouse w Garden,117,Entire home/apt,27 reviews,"Red Hook, Brooklyn"
NYC Special Occasions Room #2,24,Private room,65 reviews,"Bedford-Stuyvesant, Brooklyn"
Modern Sunny Queer Friendly Loft,45,Private room,32 reviews,"Williamsburg, Brooklyn"
Large Duplex in Carroll Gardens,226,Entire home/apt,3 reviews,"Gowanus, Brooklyn"
Charming room near Park & Museum!,43,Private room,4 reviews,"Prospect Heights, Brooklyn"
"Cozy, Clean, Quiet, Private Room!!",34,Private room,3 reviews,"Flatbush, Brooklyn"
Large Room in Modern Sunny Loft,63,Private room,15 reviews,"Williamsburg, Brooklyn"
Cozy room in warehouse style apt,53,Private room,34 reviews,"Williamsburg, Brooklyn"
HUGE ROOM 2 - 15 MINUTES >MANHATTAN,65,Private room,19 reviews,"Bushwick, Brooklyn"
Private Bedroom with private bath#1,54,Private room,13 reviews,"Bushwick, Brooklyn"
Sunny Studio Apartment,113,Entire home/apt,"Brooklyn Heights, Brooklyn",
Garden Apartment in Park Slope,109,Entire home/apt,"Park Slope, Brooklyn",
Gorgeous French Garden cottage-N 8t,108,Entire home/apt,32 reviews,"Williamsburg, Brooklyn"
BK private room in artist apt,50,Private room,5 reviews,"Bushwick, Brooklyn"
"Clean, Sunny Apt on Prospect Park",90,Entire home/apt,3 reviews,"Lefferts Garden, Brooklyn"
"Tasteful, calm, central 2BR/2Baths",222,Entire home/apt,6 reviews,"Williamsburg, Brooklyn"
Private Room with own Bathroom,107,Private room,4 reviews,"Carroll Gardens, Brooklyn"
Bedford Stuyvesant Townhouse,136,Entire home/apt,16 reviews,"Bedford-Stuyvesant, Brooklyn"
Sunny Room in the heart of W'burg,59,Private room,26 reviews,"Williamsburg, Brooklyn"
Rad Studio Room in Williamsburg,80,Entire home/apt,44 reviews,"Williamsburg, Brooklyn"
Beautiful room off Bedford ave.,51,Private room,53 reviews,"Williamsburg, Brooklyn"
ingefära hus! Williamsburg Center,92,Private room,87 reviews,"Williamsburg, Brooklyn"
Private Room in Sunny Brownstone,59,Private room,27 reviews,"Lefferts Garden, Brooklyn"
Modern loft with a view to die for!,167,Entire home/apt,3 reviews,"Williamsburg, Brooklyn"
Beautiful Brooklyn home with garden,86,Entire home/apt,18 reviews,"Bedford-Stuyvesant, Brooklyn"
Kate's Place,45,Private room,25 reviews,"Crown Heights, Brooklyn"
Private Sunny Elegant 2BDR En Suite,90,Entire home/apt,73 reviews,"Bedford-Stuyvesant, Brooklyn"
Quiet 1BR w/ Private Access Patio!,113,Private room,47 reviews,"Williamsburg, Brooklyn"
1 BR - Brooklyn's Best Neighborhood,135,Entire home/apt,10 reviews,"Fort Greene, Brooklyn"
Bedroom in Williamsburg Apartment,72,Private room,"Williamsburg, Brooklyn",
Williamsburg Exposed Brick Loft,145,Entire home/apt,6 reviews,"Williamsburg, Brooklyn"
Beautiful whole apt. in Greenpoint!,113,Entire home/apt,2 reviews,"Greenpoint, Brooklyn"
bright bushwick room w/private bath,55,Private room,7 reviews,"Bushwick, Brooklyn"
Cosy Room in Great Location -W'burg,59,Private room,38 reviews,"Williamsburg, Brooklyn"
"COZY SUNNY ROOM, BLOCK 4RM TRAIN :)",81,Private room,5 reviews,"Williamsburg, Brooklyn"
Hinds Residential Suites Room 1-1,32,Private room,14 reviews,"Bedford-Stuyvesant, Brooklyn"
Charming Studio in Williamsburg,154,Entire home/apt,6 reviews,"Williamsburg, Brooklyn"
Cozy Room In Vibrant Neighborhood!!,44,Private room,56 reviews,"Bushwick, Brooklyn"
Comfortable Space in Crown Heights!,61,Private room,7 reviews,"Crown Heights, Brooklyn"
Sun-filled room in Boerum Hill,68,Private room,17 reviews,"Boerum Hill, Brooklyn"
NYC gorgeous private room and bath,65,Private room,77 reviews,"Bedford-Stuyvesant, Brooklyn"
"Sunny, Spacious 1BR apt- city views",190,Entire home/apt,15 reviews,"Williamsburg, Brooklyn"
1 Bedroom in East Williamsburg,122,Entire home/apt,"Williamsburg, Brooklyn",
Lovely Brooklyn Heights Townhouse,136,Entire home/apt,69 reviews,"Brooklyn Heights, Brooklyn"
Brand New Apartment in Brooklyn!!,68,Private room,9 reviews,"Sunset Park, Brooklyn"
Great Views Park Slope Barclay's,127,Entire home/apt,19 reviews,"Park Slope, Brooklyn"
Spacious and Sunny Home,99,Entire home/apt,3 reviews,"Clinton Hill, Brooklyn"
Modern Apartment in Brooklyn,86,Entire home/apt,7 reviews,"Crown Heights, Brooklyn"
Cozy and Quiet Private Bedroom,77,Private room,4 reviews,"Williamsburg, Brooklyn"
The Brooklyn Life - Garden Suite,113,Entire home/apt,7 reviews,"Bedford-Stuyvesant, Brooklyn"
Great room in hip Williamsburg,68,Private room,77 reviews,"Williamsburg, Brooklyn"
Williamsburg Escape,136,Entire home/apt,9 reviews,"Williamsburg, Brooklyn"
"Big WBurg Rm, 5 min from L, Fits 4!",71,Private room,6 reviews,"Williamsburg, Brooklyn"
QUEEN'S QUARTERS,68,Private room,11 reviews,"Williamsburg, Brooklyn"
Prospect Park Apartment,90,Entire home/apt,"Lefferts Garden, Brooklyn",
Perfect Bohemian Room!,54,Private room,"Williamsburg, Brooklyn",
CHIC ROOM IN BROOKLYN BROWNSTONE,41,Private room,11 reviews,"Flatbush, Brooklyn"
5 Minutes from C-Train station,36,Private room,27 reviews,"Crown Heights, Brooklyn"
Renovated Apt. w/ Private Patio/BBQ,90,Entire home/apt,75 reviews,"Crown Heights, Brooklyn"
Greenpoint Waterfront Loft,167,Entire home/apt,116 reviews,"Greenpoint, Brooklyn"
Chic Brooklyn Apt.- Private Room,59,Private room,14 reviews,"Bedford-Stuyvesant, Brooklyn"
Private entrance/bath in luxury apt,86,Private room,7 reviews,"Williamsburg, Brooklyn"
"Sunlit, spacious Bushwick studio",45,Entire home/apt,10 reviews,"Bushwick, Brooklyn"
Skylight BR in Gorgeous Rooftop Apt,80,Private room,83 reviews,"Bushwick, Brooklyn"
2BR Apt with huge outdoor space,158,Entire home/apt,2 reviews,"Bedford-Stuyvesant, Brooklyn"
Colorful 1 BR Apartment!,63,Entire home/apt,5 reviews,"Crown Heights, Brooklyn"
Apt with private rooftop ChurchF8,30,Shared room,1 review,"Flatbush, Brooklyn"
Cozy Carroll Gardens Brownstone Apt,158,Entire home/apt,49 reviews,"Carroll Gardens, Brooklyn"
Bedford - Williamsburg Waterfront,90,Entire home/apt,11 reviews,"Williamsburg, Brooklyn"
Super Cute Brooklyn Studio Apt,86,Entire home/apt,15 reviews,"Bedford-Stuyvesant, Brooklyn"
Beautiful + Sunny Fort Greene 1BR,126,Entire home/apt,34 reviews,"Clinton Hill, Brooklyn"
"Large, 2fl/2bdrm Williamsburg Apt",181,Entire home/apt,2 reviews,"Williamsburg, Brooklyn"
Beautiful Room in Spacious Loft,145,Private room,"Williamsburg, Brooklyn",
"Cozy, friendly, 3 min from subway!",32,Shared room,27 reviews,"Bedford-Stuyvesant, Brooklyn"
Bedroom in a spacious artsy Loft,54,Private room,48 reviews,"Williamsburg, Brooklyn"
The Perfect Brooklyn Heights Apt,104,Entire home/apt,12 reviews,"Brooklyn Heights, Brooklyn"
Private Room with own Bathroom,107,Private room,4 reviews,"Carroll Gardens, Brooklyn"
Your Artist Loft in Williamsburg !,80,Private room,14 reviews,"Williamsburg, Brooklyn"
The Coziest Home in NYC!,90,Entire home/apt,1 review,"Prospect Heights, Brooklyn"
Parlor Room In Victorian Townhouse,63,Private room,68 reviews,"Clinton Hill, Brooklyn"
Apt in the heart of Williamsburg,43,Private room,2 reviews,"Williamsburg, Brooklyn"
"Cozy Boerum Hill, Brooklyn studio",80,Entire home/apt,40 reviews,"Boerum Hill, Brooklyn"
Williamsburg / Modern 1 BR Apt,145,Entire home/apt,4 reviews,"Williamsburg, Brooklyn"
Gorgeous Renovated Modern Space,136,Entire home/apt,5 reviews,"Bedford-Stuyvesant, Brooklyn"
Charming Brooklyn 1-BD on main drag,63,Entire home/apt,3 reviews,"Crown Heights, Brooklyn"
Sunny Spacious Room - Park Slope,59,Private room,4 reviews,"Gowanus, Brooklyn"
Welcome to a Glasshouse experience!,90,Private room,32 reviews,"Williamsburg, Brooklyn"
BROOKLYN URBAN CULTURAL CENTER,47,Shared room,"Bedford-Stuyvesant, Brooklyn",
beautiful 1 BR on Ft Greene park,181,Entire home/apt,"Fort Greene, Brooklyn",
Restored 1910 Brooklyn Loft Studio,86,Entire home/apt,"Bushwick, Brooklyn",
HOT EAST WILLIAMSBURG HIPSTER LOFT!,35,Private room,1 review,"Bushwick, Brooklyn"
Beautiful 1BR in best Bklyn area,158,Entire home/apt,2 reviews,"Fort Greene, Brooklyn"
Large bedroom with den/tv space,77,Private room,4 reviews,"Greenpoint, Brooklyn"
Amazing Apartment in Williamsburg,118,Entire home/apt,9 reviews,"Williamsburg, Brooklyn"
"Large Bedroom, Stunning Apartment!",127,Private room,24 reviews,"Williamsburg, Brooklyn"
Modern Williamsburg Apt near Metro,90,Private room,27 reviews,"Williamsburg, Brooklyn"
Picture Perfect Brooklyn Apartment,72,Private room,1 review,"Brooklyn Heights, Brooklyn"
Brownstone in Brooklyn,153,Entire home/apt,8 reviews,"Clinton Hill, Brooklyn"
Bedroom in heart of Williamsburg,109,Private room,3 reviews,"Williamsburg, Brooklyn"
Relax in the City - Hip Rm +Balcony,104,Private room,14 reviews,"Boerum Hill, Brooklyn"
Sweet South Park Slope Apartment.,77,Entire home/apt,2 reviews,"Greenwood Heights, Brooklyn"
In the heart of brownstone Brooklyn,77,Private room,5 reviews,"Clinton Hill, Brooklyn"
Williamsburg. By Bedford L train,109,Entire home/apt,12 reviews,"Williamsburg, Brooklyn"
Bright 1 bed in Centre of Wburg!,131,Entire home/apt,13 reviews,"Williamsburg, Brooklyn"
Beautiful Brooklyn home with garden,86,Entire home/apt,18 reviews,"Bedford-Stuyvesant, Brooklyn"
Spacious room in beautiful Brooklyn,63,Private room,7 reviews,"Cobble Hill, Brooklyn"
Bright & homely family apt nr park,145,Entire home/apt,3 reviews,"Park Slope, Brooklyn"
Private Room in Williamsburg NYC,77,Private room,16 reviews,"Williamsburg, Brooklyn"
Stunning 3200sf 3FLR+3BR+terrace,226,Entire home/apt,3 reviews,"Park Slope, Brooklyn"
Large 1 Bedroom in Brooklyn Heights,203,Entire home/apt,3 reviews,"Brooklyn Heights, Brooklyn"
Beautiful new one bedroom apartment,90,Entire home/apt,49 reviews,"Bedford-Stuyvesant, Brooklyn"
Sunny and Open Prime Williamsburg,307,Entire home/apt,5 reviews,"Williamsburg, Brooklyn"
Spacious Greenpoint loft / 2 floors,136,Entire home/apt,17 reviews,"Greenpoint, Brooklyn"
2BR/1BA w/ garden! in Williamsburg,136,Entire home/apt,69 reviews,"Greenpoint, Brooklyn"
Williamsburg! Walk 2 NYC!!!,45,Private room,113 reviews,"Williamsburg, Brooklyn"
Modern 2 Bdr/2 B near Prospect Park,181,Entire home/apt,"Park Slope, Brooklyn",
LG Private Room/Family Friendly,68,Private room,28 reviews,"Bushwick, Brooklyn"
Fort Greene historic district Apt.,113,Entire home/apt,1 review,"Fort Greene, Brooklyn"
Cozy Room - Great Brooklyn Location,63,Private room,27 reviews,"Prospect Heights, Brooklyn"
Comfy room and Amazing View,36,Private room,13 reviews,"Bushwick, Brooklyn"
beautiful brownstone,90,Entire home/apt,29 reviews,"Bedford-Stuyvesant, Brooklyn"
Charming Apt. In Brooklyn Townhouse,71,Entire home/apt,71 reviews,"Bedford-Stuyvesant, Brooklyn"
The Notorious B.N.B  { Biggie },415,Entire home/apt,21 reviews,"Clinton Hill, Brooklyn"
Convenient Spacious LUX with VIEW!,86,Private room,47 reviews,"Williamsburg, Brooklyn"
Spacious 1BD in lovely Clinton Hill,136,Entire home/apt,2 reviews,"Clinton Hill, Brooklyn"
Zen Garden Duplex Retreat,520,Entire home/apt,21 reviews,"Crown Heights, Brooklyn"
Sunny WILLIAMSBURG. Home Sweet Home,181,Entire home/apt,80 reviews,"Williamsburg, Brooklyn"
Sunny Williamsburg Penthouse - 2BR,144,Entire home/apt,4 reviews,"Williamsburg, Brooklyn"
**SUPERB SPACE IN DUMBO BROOKLYN**,90,Private room,56 reviews,"DUMBO, Brooklyn"
1bdrm in sunny 2bd apt in cute area,96,Private room,1 review,"Clinton Hill, Brooklyn"
"Cozy & Airy 1 bdrm apt, Ft. Greene",136,Entire home/apt,12 reviews,"Fort Greene, Brooklyn"
"1Bedroom, Seconds from L train",73,Private room,23 reviews,"Bushwick, Brooklyn"
Double Room with Private Deck,54,Private room,16 reviews,"Clinton Hill, Brooklyn"
Sunny 1BR with Terrace/City Views,153,Entire home/apt,5 reviews,"Williamsburg, Brooklyn"
Dreamy Brooklyn KingBed PrivateRoom,62,Private room,3 reviews,"Flatbush, Brooklyn"
Beautiful 3 room studio in Brooklyn,136,Private room,5 reviews,"Park Slope, Brooklyn"
Quiet private room in Gorgeous Apt,59,Private room,50 reviews,"Bushwick, Brooklyn"
Heart of Wberg Private Room 1A,72,Private room,28 reviews,"Williamsburg, Brooklyn"
Vibrant Studio Apt in Fort Greene!,122,Entire home/apt,21 reviews,"Fort Greene, Brooklyn"
Two Dragon Loft within a Loft,41,Private room,11 reviews,"Bushwick, Brooklyn"
Big 1 Bed Across From Prospect Park,72,Entire home/apt,6 reviews,"Lefferts Garden, Brooklyn"
Best of Brooklyn-Whole Apartment,108,Entire home/apt,26 reviews,"Prospect Heights, Brooklyn"
Williamsburg crashpad,95,Private room,8 reviews,"Williamsburg, Brooklyn"
Cozy 1BD in Great Brownstone Apt.,109,Private room,15 reviews,"Park Slope, Brooklyn"
Feb Special - Park Slope $100/nt!,127,Entire home/apt,3 reviews,"Park Slope, Brooklyn"
